date,stock_code,stock_name,pattern_type,action,entry_price,exit_price,shares,pnl,pnl_pct,holding_days,hot_resonance,resonance_sectors,stop_loss_triggered,take_profit_triggered,entry_date,exit_reason,plan_rank,plan_score,plan_reason,factor_metrics_json
20260106,603986,兆易创新,指标筛选/default,BUY,238.476,0.0,600,0.0,0.0,0,False,,False,False,20260106,buy,2,94.934,综合评分 94.9，候选排名第 2；当日涨幅 +10.00%，短线强度已确认；流动性分位 99.8，承接能力较好；tech_score 94.7，指标表现靠前；通过市场、流动性、强度、量能、趋势过滤,"{""stk_liquidity_percentile"": 99.78009895547004, ""stk_new_high_20d"": 88.23529411764706, ""tech_score"": 94.70588235294119}"
20260106,601698,中国卫通,指标筛选/default,BUY,40.05996,0.0,3700,0.0,0.0,0,False,,False,False,20260106,buy,3,94.917,综合评分 94.9，候选排名第 3；当日涨幅 +9.99%，短线强度已确认；流动性分位 99.8，承接能力较好；tech_score 94.7，指标表现靠前；通过市场、流动性、强度、量能、趋势过滤,"{""stk_liquidity_percentile"": 99.76177386842588, ""stk_new_high_20d"": 88.23529411764706, ""tech_score"": 94.68278235294117}"
20260107,002202,金风科技,指标筛选/default,BUY,24.549,0.0,6100,0.0,0.0,0,False,,False,False,20260107,buy,2,94.9324,综合评分 94.9，候选排名第 2；当日涨幅 +9.99%，短线强度已确认；流动性分位 99.8，承接能力较好；tech_score 94.7，指标表现靠前；通过市场、流动性、强度、量能、趋势过滤,"{""stk_liquidity_percentile"": 99.81681626671552, ""stk_new_high_20d"": 88.23529411764706, ""tech_score"": 94.68058235294117}"
20260108,300346,南大光电,指标筛选/default,BUY,57.314400000000006,0.0,2600,0.0,0.0,0,False,,False,False,20260108,buy,2,94.8901,综合评分 94.9，候选排名第 2；当日涨幅 +20.00%，短线强度已确认；量价活跃，成交额/成交量约为5日均值 3.26/2.79 倍；流动性分位 99.6，承接能力较好；tech_score 94.7，指标表现靠前,"{""stk_liquidity_percentile"": 99.63369963369964, ""stk_new_high_20d"": 88.23529411764706, ""tech_score"": 94.70588235294119}"
20260108,002792,通宇通讯,指标筛选/default,BUY,55.12002,0.0,2700,0.0,0.0,0,False,,False,False,20260108,buy,3,94.6429,综合评分 94.6，候选排名第 3；当日涨幅 +10.01%，短线强度已确认；量能未明显放大，成交额/成交量约为5日均值 0.89/0.79 倍；流动性分位 98.8，承接能力较好；tech_score 94.7，指标表现靠前,"{""stk_liquidity_percentile"": 98.80952380952381, ""stk_new_high_20d"": 88.23529411764706, ""tech_score"": 94.70588235294119}"
20260109,603986,兆易创新,指标筛选/default,SELL,238.476,249.5499,600,6406.765398000018,0.044762323705645944,3,False,,False,True,20260106,trailing_stop,2,94.934,综合评分 94.9，候选排名第 2；当日涨幅 +10.00%，短线强度已确认；流动性分位 99.8，承接能力较好；tech_score 94.7，指标表现靠前；通过市场、流动性、强度、量能、趋势过滤,"{""stk_liquidity_percentile"": 99.78009895547004, ""stk_new_high_20d"": 88.23529411764706, ""tech_score"": 94.70588235294119}"
20260113,601698,中国卫通,指标筛选/default,SELL,40.05996,48.39302,3700,30555.085018200014,0.20608244216127775,5,False,,False,True,20260106,trailing_stop,3,94.917,综合评分 94.9，候选排名第 3；当日涨幅 +9.99%，短线强度已确认；流动性分位 99.8，承接能力较好；tech_score 94.7，指标表现靠前；通过市场、流动性、强度、量能、趋势过滤,"{""stk_liquidity_percentile"": 99.76177386842588, ""stk_new_high_20d"": 88.23529411764706, ""tech_score"": 94.68278235294117}"
20260113,002202,金风科技,指标筛选/default,SELL,24.549,33.8821,6100,56618.300277,0.37797486245999595,4,False,,False,True,20260107,trailing_stop,2,94.9324,综合评分 94.9，候选排名第 2；当日涨幅 +9.99%，短线强度已确认；流动性分位 99.8，承接能力较好；tech_score 94.7，指标表现靠前；通过市场、流动性、强度、量能、趋势过滤,"{""stk_liquidity_percentile"": 99.81681626671552, ""stk_new_high_20d"": 88.23529411764706, ""tech_score"": 94.68058235294117}"
20260113,300346,南大光电,指标筛选/default,SELL,57.314400000000006,54.6904,2600,-7051.958784000017,-0.04730885076841181,3,False,,False,False,20260108,time_stop,2,94.8901,综合评分 94.9，候选排名第 2；当日涨幅 +20.00%，短线强度已确认；量价活跃，成交额/成交量约为5日均值 3.26/2.79 倍；流动性分位 99.6，承接能力较好；tech_score 94.7，指标表现靠前,"{""stk_liquidity_percentile"": 99.63369963369964, ""stk_new_high_20d"": 88.23529411764706, ""tech_score"": 94.70588235294119}"
20260114,002792,通宇通讯,指标筛选/default,SELL,55.12002,62.84406,2700,20589.67813319998,0.13830763595698917,4,False,,False,True,20260108,trailing_stop,3,94.6429,综合评分 94.6，候选排名第 3；当日涨幅 +10.01%，短线强度已确认；量能未明显放大，成交额/成交量约为5日均值 0.89/0.79 倍；流动性分位 98.8，承接能力较好；tech_score 94.7，指标表现靠前,"{""stk_liquidity_percentile"": 98.80952380952381, ""stk_new_high_20d"": 88.23529411764706, ""tech_score"": 94.70588235294119}"
20260116,002130,沃尔核材,指标筛选/default,BUY,31.49286,0.0,5200,0.0,0.0,0,False,,False,False,20260116,buy,2,94.5382,综合评分 94.5，候选排名第 2；当日涨幅 +10.01%，短线强度已确认；量价活跃，成交额/成交量约为5日均值 2.12/2.00 倍；流动性分位 98.5，承接能力较好；tech_score 94.7，指标表现靠前,"{""stk_liquidity_percentile"": 98.46069268829028, ""stk_new_high_20d"": 88.23529411764706, ""tech_score"": 94.70588235294119}"
20260116,601208,东材科技,指标筛选/default,BUY,29.7594,0.0,5500,0.0,0.0,0,False,,False,False,20260116,buy,3,94.4283,综合评分 94.4，候选排名第 3；当日涨幅 +10.00%，短线强度已确认；量价活跃，成交额/成交量约为5日均值 1.99/1.89 倍；流动性分位 98.1，承接能力较好；tech_score 94.7，指标表现靠前,"{""stk_liquidity_percentile"": 98.094190947407, ""stk_new_high_20d"": 88.23529411764706, ""tech_score"": 94.70588235294119}"
20260119,002130,沃尔核材,指标筛选/default,SELL,31.49286,29.63062,5200,-9933.079852799972,-0.06063707054767094,1,False,,True,False,20260116,stop_loss,2,94.5382,综合评分 94.5，候选排名第 2；当日涨幅 +10.01%，短线强度已确认；量价活跃，成交额/成交量约为5日均值 2.12/2.00 倍；流动性分位 98.5，承接能力较好；tech_score 94.7，指标表现靠前,"{""stk_liquidity_percentile"": 98.46069268829028, ""stk_new_high_20d"": 88.23529411764706, ""tech_score"": 94.70588235294119}"
20260120,601208,东材科技,指标筛选/default,SELL,29.7594,26.63662,5500,-17414.84484299997,-0.10636591498003717,2,False,,True,False,20260116,stop_loss,3,94.4283,综合评分 94.4，候选排名第 3；当日涨幅 +10.00%，短线强度已确认；量价活跃，成交额/成交量约为5日均值 1.99/1.89 倍；流动性分位 98.1，承接能力较好；tech_score 94.7，指标表现靠前,"{""stk_liquidity_percentile"": 98.094190947407, ""stk_new_high_20d"": 88.23529411764706, ""tech_score"": 94.70588235294119}"
20260121,002716,湖南白银,指标筛选/default,BUY,13.20636,0.0,12200,0.0,0.0,0,False,,False,False,20260121,buy,1,94.6982,综合评分 94.7，候选排名第 1；当日涨幅 +10.03%，短线强度已确认；量价活跃，成交额/成交量约为5日均值 1.24/1.04 倍；流动性分位 99.0，承接能力较好；tech_score 94.7，指标表现靠前,"{""stk_liquidity_percentile"": 98.99396378269618, ""stk_new_high_20d"": 88.23529411764706, ""tech_score"": 94.70588235294119}"
20260121,601212,白银有色,指标筛选/default,BUY,7.9659,0.0,20300,0.0,0.0,0,False,,False,False,20260121,buy,2,94.5226,综合评分 94.5，候选排名第 2；当日涨幅 +10.03%，短线强度已确认；量价活跃，成交额/成交量约为5日均值 1.35/1.25 倍；流动性分位 98.4，承接能力较好；tech_score 94.7，指标表现靠前,"{""stk_liquidity_percentile"": 98.40863361990122, ""stk_new_high_20d"": 88.23529411764706, ""tech_score"": 94.70588235294119}"
20260121,002201,九鼎新材,指标筛选/default,BUY,14.1282,0.0,11400,0.0,0.0,0,False,,False,False,20260121,buy,3,94.0726,综合评分 94.1，候选排名第 3；当日涨幅 +10.02%，短线强度已确认；量价活跃，成交额/成交量约为5日均值 1.91/1.70 倍；流动性分位 96.9，承接能力较好；tech_score 94.7，指标表现靠前,"{""stk_liquidity_percentile"": 96.90872507773916, ""stk_new_high_20d"": 88.23529411764706, ""tech_score"": 94.70588235294119}"
20260122,002156,通富微电,指标筛选/default,BUY,58.065900000000006,0.0,2700,0.0,0.0,0,False,,False,False,20260122,buy,1,94.8765,综合评分 94.9，候选排名第 1；当日涨幅 +10.00%，短线强度已确认；量价活跃，成交额/成交量约为5日均值 1.37/1.15 倍；流动性分位 99.6，承接能力较好；tech_score 94.7，指标表现靠前,"{""stk_liquidity_percentile"": 99.59743824336688, ""stk_new_high_20d"": 88.23529411764706, ""tech_score"": 94.70038235294118}"
20260122,002185,华天科技,指标筛选/default,BUY,14.979899999999999,0.0,10800,0.0,0.0,0,False,,False,False,20260122,buy,3,94.7091,综合评分 94.7，候选排名第 3；当日涨幅 +10.01%，短线强度已确认；量价活跃，成交额/成交量约为5日均值 2.13/1.92 倍；流动性分位 99.0，承接能力较好；tech_score 94.7，指标表现靠前,"{""stk_liquidity_percentile"": 99.03019213174748, ""stk_new_high_20d"": 88.23529411764706, ""tech_score"": 94.70588235294119}"
20260126,002156,通富微电,指标筛选/default,SELL,58.065900000000006,51.6964,2700,-17426.13774300003,-0.11111839191625478,2,False,,True,False,20260122,stop_loss,1,94.8765,综合评分 94.9，候选排名第 1；当日涨幅 +10.00%，短线强度已确认；量价活跃，成交额/成交量约为5日均值 1.37/1.15 倍；流动性分位 99.6，承接能力较好；tech_score 94.7，指标表现靠前,"{""stk_liquidity_percentile"": 99.59743824336688, ""stk_new_high_20d"": 88.23529411764706, ""tech_score"": 94.70038235294118}"
20260126,002185,华天科技,指标筛选/default,SELL,14.979899999999999,13.30334,10800,-18342.161769599974,-0.11334114114993453,2,False,,True,False,20260122,stop_loss,3,94.7091,综合评分 94.7，候选排名第 3；当日涨幅 +10.01%，短线强度已确认；量价活跃，成交额/成交量约为5日均值 2.13/1.92 倍；流动性分位 99.0，承接能力较好；tech_score 94.7，指标表现靠前,"{""stk_liquidity_percentile"": 99.03019213174748, ""stk_new_high_20d"": 88.23529411764706, ""tech_score"": 94.70588235294119}"
20260127,002716,湖南白银,指标筛选/default,SELL,13.20636,17.60472,12200,53332.4458632,0.33091638390376155,4,False,,False,True,20260121,trailing_stop,1,94.6982,综合评分 94.7，候选排名第 1；当日涨幅 +10.03%，短线强度已确认；量价活跃，成交额/成交量约为5日均值 1.24/1.04 倍；流动性分位 99.0，承接能力较好；tech_score 94.7，指标表现靠前,"{""stk_liquidity_percentile"": 98.99396378269618, ""stk_new_high_20d"": 88.23529411764706, ""tech_score"": 94.70588235294119}"
20260128,688110,东芯股份,指标筛选/default,BUY,157.15368,0.0,1100,0.0,0.0,0,False,,False,False,20260128,buy,2,94.7639,综合评分 94.8，候选排名第 2；当日涨幅 +20.00%，短线强度已确认；量价活跃，成交额/成交量约为5日均值 2.21/1.88 倍；流动性分位 99.2，承接能力较好；tech_score 94.7，指标表现靠前,"{""stk_liquidity_percentile"": 99.21288669229361, ""stk_new_high_20d"": 88.23529411764706, ""tech_score"": 94.70588235294119}"
20260128,002185,华天科技,指标筛选/default,BUY,15.1302,0.0,11900,0.0,0.0,0,False,,False,False,20260128,buy,3,94.7219,综合评分 94.7，候选排名第 3；当日涨幅 +9.98%，短线强度已确认；量价活跃，成交额/成交量约为5日均值 1.38/1.33 倍；流动性分位 99.2，承接能力较好；tech_score 94.6，指标表现靠前,"{""stk_liquidity_percentile"": 99.17627677100495, ""stk_new_high_20d"": 88.23529411764706, ""tech_score"": 94.64400735294117}"
20260129,002201,九鼎新材,指标筛选/default,SELL,14.1282,14.5708,11400,4781.382299999968,0.02967778711275543,6,False,,False,True,20260121,trailing_stop,3,94.0726,综合评分 94.1，候选排名第 3；当日涨幅 +10.02%，短线强度已确认；量价活跃，成交额/成交量约为5日均值 1.91/1.70 倍；流动性分位 96.9，承接能力较好；tech_score 94.7，指标表现靠前,"{""stk_liquidity_percentile"": 96.90872507773916, ""stk_new_high_20d"": 88.23529411764706, ""tech_score"": 94.70588235294119}"
20260129,688110,东芯股份,指标筛选/default,SELL,157.15368,133.91164,1100,-25809.59835960003,-0.14925666624981557,1,False,,True,False,20260128,stop_loss,2,94.7639,综合评分 94.8，候选排名第 2；当日涨幅 +20.00%，短线强度已确认；量价活跃，成交额/成交量约为5日均值 2.21/1.88 倍；流动性分位 99.2，承接能力较好；tech_score 94.7，指标表现靠前,"{""stk_liquidity_percentile"": 99.21288669229361, ""stk_new_high_20d"": 88.23529411764706, ""tech_score"": 94.70588235294119}"
20260129,601600,中国铝业,指标筛选/default,BUY,15.04002,0.0,12200,0.0,0.0,0,False,,False,False,20260129,buy,1,94.9341,综合评分 94.9，候选排名第 1；当日涨幅 +10.02%，短线强度已确认；量价活跃，成交额/成交量约为5日均值 1.92/1.82 倍；流动性分位 99.8，承接能力较好；tech_score 94.7，指标表现靠前,"{""stk_liquidity_percentile"": 99.78038067349927, ""stk_new_high_20d"": 88.23529411764706, ""tech_score"": 94.70588235294119}"
20260129,000630,铜陵有色,指标筛选/default,BUY,8.93784,0.0,20600,0.0,0.0,0,False,,False,False,20260129,buy,2,94.8627,综合评分 94.9，候选排名第 2；当日涨幅 +10.01%，短线强度已确认；量价活跃，成交额/成交量约为5日均值 1.51/1.32 倍；流动性分位 99.5，承接能力较好；tech_score 94.7，指标表现靠前,"{""stk_liquidity_percentile"": 99.5424597364568, ""stk_new_high_20d"": 88.23529411764706, ""tech_score"": 94.70588235294119}"
20260129,002716,湖南白银,指标筛选/default,BUY,21.042,0.0,8700,0.0,0.0,0,False,,False,False,20260129,buy,3,94.848,综合评分 94.8，候选排名第 3；当日涨幅 +9.98%，短线强度已确认；流动性分位 99.6，承接能力较好；tech_score 94.6，指标表现靠前；通过市场、流动性、强度、量能、趋势过滤,"{""stk_liquidity_percentile"": 99.59736456808199, ""stk_new_high_20d"": 88.23529411764706, ""tech_score"": 94.64345735294117}"
20260130,601212,白银有色,指标筛选/default,SELL,7.9659,13.64266,20300,114829.68587159994,0.7098932061051284,7,False,,False,True,20260121,trailing_stop,2,94.5226,综合评分 94.5，候选排名第 2；当日涨幅 +10.03%，短线强度已确认；量价活跃，成交额/成交量约为5日均值 1.35/1.25 倍；流动性分位 98.4，承接能力较好；tech_score 94.7，指标表现靠前,"{""stk_liquidity_percentile"": 98.40863361990122, ""stk_new_high_20d"": 88.23529411764706, ""tech_score"": 94.70588235294119}"
20260130,601600,中国铝业,指标筛选/default,SELL,15.04002,14.101740000000001,12200,-11725.716069599992,-0.06388528852985839,1,False,,True,False,20260129,stop_loss,1,94.9341,综合评分 94.9，候选排名第 1；当日涨幅 +10.02%，短线强度已确认；量价活跃，成交额/成交量约为5日均值 1.92/1.82 倍；流动性分位 99.8，承接能力较好；tech_score 94.7，指标表现靠前,"{""stk_liquidity_percentile"": 99.78038067349927, ""stk_new_high_20d"": 88.23529411764706, ""tech_score"": 94.70588235294119}"
20260130,000630,铜陵有色,指标筛选/default,SELL,8.93784,8.253459999999999,20600,-14374.491510000022,-0.0780481162705243,1,False,,True,False,20260129,stop_loss,2,94.8627,综合评分 94.9，候选排名第 2；当日涨幅 +10.01%，短线强度已确认；量价活跃，成交额/成交量约为5日均值 1.51/1.32 倍；流动性分位 99.5，承接能力较好；tech_score 94.7，指标表现靠前,"{""stk_liquidity_percentile"": 99.5424597364568, ""stk_new_high_20d"": 88.23529411764706, ""tech_score"": 94.70588235294119}"
20260130,002716,湖南白银,指标筛选/default,SELL,21.042,19.00192,8700,-18018.527335200022,-0.09839720339387216,1,False,,True,False,20260129,stop_loss,3,94.848,综合评分 94.8，候选排名第 3；当日涨幅 +9.98%，短线强度已确认；流动性分位 99.6，承接能力较好；tech_score 94.6，指标表现靠前；通过市场、流动性、强度、量能、趋势过滤,"{""stk_liquidity_percentile"": 99.59736456808199, ""stk_new_high_20d"": 88.23529411764706, ""tech_score"": 94.64345735294117}"
20260202,002185,华天科技,指标筛选/default,SELL,15.1302,14.04186,11900,-13222.4883882,-0.0734160974692087,3,False,,True,False,20260128,stop_loss,3,94.7219,综合评分 94.7，候选排名第 3；当日涨幅 +9.98%，短线强度已确认；量价活跃，成交额/成交量约为5日均值 1.38/1.33 倍；流动性分位 99.2，承接能力较好；tech_score 94.6，指标表现靠前,"{""stk_liquidity_percentile"": 99.17627677100495, ""stk_new_high_20d"": 88.23529411764706, ""tech_score"": 94.64400735294117}"
20260203,002471,中超控股,指标筛选/default,BUY,8.737440000000001,0.0,19400,0.0,0.0,0,False,,False,False,20260203,buy,1,94.4312,综合评分 94.4，候选排名第 1；当日涨幅 +9.96%，短线强度已确认；量价活跃，成交额/成交量约为5日均值 1.42/1.40 倍；流动性分位 98.3，承接能力较好；tech_score 94.6，指标表现靠前,"{""stk_liquidity_percentile"": 98.2796486090776, ""stk_new_high_20d"": 88.23529411764706, ""tech_score"": 94.60055735294117}"
20260204,000547,航天发展,指标筛选/default,BUY,33.53694,0.0,5000,0.0,0.0,0,False,,False,False,20260204,buy,1,94.9374,综合评分 94.9，候选排名第 1；当日涨幅 +9.99%，短线强度已确认；量价活跃，成交额/成交量约为5日均值 1.95/1.75 倍；流动性分位 99.9，承接能力较好；tech_score 94.7，指标表现靠前,"{""stk_liquidity_percentile"": 99.85361390667886, ""stk_new_high_20d"": 88.23529411764706, ""tech_score"": 94.66848235294118}"
20260205,002506,协鑫集成,指标筛选/default,BUY,4.01802,0.0,42500,0.0,0.0,0,False,,False,False,20260205,buy,2,94.5767,综合评分 94.6，候选排名第 2；当日涨幅 +9.88%，短线强度已确认；量价活跃，成交额/成交量约为5日均值 1.73/1.64 倍；流动性分位 99.1，承接能力较好；tech_score 94.4，指标表现靠前,"{""stk_liquidity_percentile"": 99.12216532553035, ""stk_new_high_20d"": 88.23529411764706, ""tech_score"": 94.38605735294118}"
20260206,000547,航天发展,指标筛选/default,SELL,33.53694,30.2893,5000,-16485.38586000001,-0.09828232228391597,2,False,,True,False,20260204,stop_loss,1,94.9374,综合评分 94.9，候选排名第 1；当日涨幅 +9.99%，短线强度已确认；量价活跃，成交额/成交量约为5日均值 1.95/1.75 倍；流动性分位 99.9，承接能力较好；tech_score 94.7，指标表现靠前,"{""stk_liquidity_percentile"": 99.85361390667886, ""stk_new_high_20d"": 88.23529411764706, ""tech_score"": 94.66848235294118}"
20260206,002361,神剑股份,指标筛选/default,BUY,14.1282,0.0,12100,0.0,0.0,0,False,,False,False,20260206,buy,3,94.3141,综合评分 94.3，候选排名第 3；当日涨幅 +10.01%，短线强度已确认；量价活跃，成交额/成交量约为5日均值 1.32/1.24 倍；流动性分位 97.7，承接能力较好；tech_score 94.7，指标表现靠前,"{""stk_liquidity_percentile"": 97.71355405158222, ""stk_new_high_20d"": 88.23529411764706, ""tech_score"": 94.70588235294119}"
20260209,600759,ST洲际,指标筛选/default,BUY,5.611199999999999,0.0,31000,0.0,0.0,0,False,,False,False,20260209,buy,3,94.7091,综合评分 94.7，候选排名第 3；当日涨幅 +10.00%，短线强度已确认；量价活跃，成交额/成交量约为5日均值 1.64/1.56 倍；流动性分位 99.0，承接能力较好；tech_score 94.7，指标表现靠前,"{""stk_liquidity_percentile"": 99.03036955726307, ""stk_new_high_20d"": 88.23529411764706, ""tech_score"": 94.70588235294119}"
20260210,002471,中超控股,指标筛选/default,SELL,8.737440000000001,9.850259999999999,19400,21289.432541999995,0.1255590093559198,5,False,,False,True,20260203,trailing_stop,1,94.4312,综合评分 94.4，候选排名第 1；当日涨幅 +9.96%，短线强度已确认；量价活跃，成交额/成交量约为5日均值 1.42/1.40 倍；流动性分位 98.3，承接能力较好；tech_score 94.6，指标表现靠前,"{""stk_liquidity_percentile"": 98.2796486090776, ""stk_new_high_20d"": 88.23529411764706, ""tech_score"": 94.60055735294117}"
20260210,002361,神剑股份,指标筛选/default,SELL,14.1282,14.75044,12100,7245.794212799985,0.042372444762090886,2,False,,False,True,20260206,trailing_stop,3,94.3141,综合评分 94.3，候选排名第 3；当日涨幅 +10.01%，短线强度已确认；量价活跃，成交额/成交量约为5日均值 1.32/1.24 倍；流动性分位 97.7，承接能力较好；tech_score 94.7，指标表现靠前,"{""stk_liquidity_percentile"": 97.71355405158222, ""stk_new_high_20d"": 88.23529411764706, ""tech_score"": 94.70588235294119}"
20260210,600759,ST洲际,指标筛选/default,SELL,5.611199999999999,5.25946,31000,-11168.08039800002,-0.0641845972726575,1,False,,True,False,20260209,stop_loss,3,94.7091,综合评分 94.7，候选排名第 3；当日涨幅 +10.00%，短线强度已确认；量价活跃，成交额/成交量约为5日均值 1.64/1.56 倍；流动性分位 99.0，承接能力较好；tech_score 94.7，指标表现靠前,"{""stk_liquidity_percentile"": 99.03036955726307, ""stk_new_high_20d"": 88.23529411764706, ""tech_score"": 94.70588235294119}"
20260211,002506,协鑫集成,指标筛选/default,SELL,4.01802,5.24948,42500,51995.78647499997,0.3043945403444236,4,False,,False,True,20260205,trailing_stop,2,94.5767,综合评分 94.6，候选排名第 2；当日涨幅 +9.88%，短线强度已确认；量价活跃，成交额/成交量约为5日均值 1.73/1.64 倍；流动性分位 99.1，承接能力较好；tech_score 94.4，指标表现靠前,"{""stk_liquidity_percentile"": 99.12216532553035, ""stk_new_high_20d"": 88.23529411764706, ""tech_score"": 94.38605735294118}"
20260212,002340,格林美,指标筛选/default,BUY,9.52902,0.0,18600,0.0,0.0,0,False,,False,False,20260212,buy,1,94.8102,综合评分 94.8，候选排名第 1；当日涨幅 +9.95%，短线强度已确认；量价活跃，成交额/成交量约为5日均值 3.80/3.50 倍；流动性分位 99.6，承接能力较好；tech_score 94.6，指标表现靠前,"{""stk_liquidity_percentile"": 99.57952468007313, ""stk_new_high_20d"": 88.23529411764706, ""tech_score"": 94.57855735294117}"
20260212,600176,中国巨石,指标筛选/default,BUY,26.4528,0.0,6700,0.0,0.0,0,False,,False,False,20260212,buy,3,94.3794,综合评分 94.4，候选排名第 3；当日涨幅 +9.99%，短线强度已确认；量价活跃，成交额/成交量约为5日均值 1.39/1.16 倍；流动性分位 98.0，承接能力较好；tech_score 94.7，指标表现靠前,"{""stk_liquidity_percentile"": 97.97074954296161, ""stk_new_high_20d"": 88.23529411764706, ""tech_score"": 94.68223235294118}"
20260224,000021,深科技,指标筛选/default,BUY,32.565,0.0,5400,0.0,0.0,0,False,,False,False,20260224,buy,1,94.9233,综合评分 94.9，候选排名第 1；当日涨幅 +10.02%，短线强度已确认；量价活跃，成交额/成交量约为5日均值 3.88/3.46 倍；流动性分位 99.7，承接能力较好；tech_score 94.7，指标表现靠前,"{""stk_liquidity_percentile"": 99.74424552429667, ""stk_new_high_20d"": 88.23529411764706, ""tech_score"": 94.70588235294119}"
20260224,600410,华胜天成,指标筛选/default,BUY,26.052,0.0,6700,0.0,0.0,0,False,,False,False,20260224,buy,2,94.8575,综合评分 94.9，候选排名第 2；当日涨幅 +10.01%，短线强度已确认；流动性分位 99.5，承接能力较好；tech_score 94.7，指标表现靠前；通过市场、流动性、强度、量能、趋势过滤,"{""stk_liquidity_percentile"": 99.52502740226525, ""stk_new_high_20d"": 88.23529411764706, ""tech_score"": 94.70588235294119}"
20260225,601390,中国中铁,指标筛选/default,BUY,6.07212,0.0,29500,0.0,0.0,0,False,,False,False,20260225,buy,1,94.8794,综合评分 94.9，候选排名第 1；当日涨幅 +10.00%，短线强度已确认；量价活跃，成交额/成交量约为5日均值 3.62/3.37 倍；流动性分位 99.6，承接能力较好；tech_score 94.7，指标表现靠前,"{""stk_liquidity_percentile"": 99.59810010960905, ""stk_new_high_20d"": 88.23529411764706, ""tech_score"": 94.70588235294119}"
20260225,000988,华工科技,指标筛选/default,BUY,85.87140000000001,0.0,2000,0.0,0.0,0,False,,False,False,20260225,buy,2,94.863,综合评分 94.9，候选排名第 2；当日涨幅 +10.00%，短线强度已确认；量价活跃，成交额/成交量约为5日均值 2.45/2.25 倍；流动性分位 99.6，承接能力较好；tech_score 94.7，指标表现靠前,"{""stk_liquidity_percentile"": 99.56156375593716, ""stk_new_high_20d"": 88.23529411764706, ""tech_score"": 94.69488235294119}"
20260226,002340,格林美,指标筛选/default,SELL,9.52902,9.590779999999999,18600,863.6590079999878,0.0048713670654213365,4,False,,False,False,20260212,time_stop,1,94.8102,综合评分 94.8，候选排名第 1；当日涨幅 +9.95%，短线强度已确认；量价活跃，成交额/成交量约为5日均值 3.80/3.50 倍；流动性分位 99.6，承接能力较好；tech_score 94.6，指标表现靠前,"{""stk_liquidity_percentile"": 99.57952468007313, ""stk_new_high_20d"": 88.23529411764706, ""tech_score"": 94.57855735294117}"
20260226,600096,云天化,指标筛选/default,BUY,43.486799999999995,0.0,4100,0.0,0.0,0,False,,False,False,20260226,buy,3,94.8794,综合评分 94.9，候选排名第 3；当日涨幅 +10.01%，短线强度已确认；量价活跃，成交额/成交量约为5日均值 4.26/3.70 倍；流动性分位 99.6，承接能力较好；tech_score 94.7，指标表现靠前,"{""stk_liquidity_percentile"": 99.59787972948273, ""stk_new_high_20d"": 88.23529411764706, ""tech_score"": 94.70588235294119}"
20260303,600176,中国巨石,指标筛选/default,SELL,26.4528,26.3971,6700,-656.2788690000307,-0.0037017893452506714,7,False,,False,False,20260212,time_stop,3,94.3794,综合评分 94.4，候选排名第 3；当日涨幅 +9.99%，短线强度已确认；量价活跃，成交额/成交量约为5日均值 1.39/1.16 倍；流动性分位 98.0，承接能力较好；tech_score 94.7，指标表现靠前,"{""stk_liquidity_percentile"": 97.97074954296161, ""stk_new_high_20d"": 88.23529411764706, ""tech_score"": 94.68223235294118}"
20260303,000021,深科技,指标筛选/default,SELL,32.565,30.61864,5400,-10778.042152799986,-0.06127238235714907,5,False,,True,False,20260224,stop_loss,1,94.9233,综合评分 94.9，候选排名第 1；当日涨幅 +10.02%，短线强度已确认；量价活跃，成交额/成交量约为5日均值 3.88/3.46 倍；流动性分位 99.7，承接能力较好；tech_score 94.7，指标表现靠前,"{""stk_liquidity_percentile"": 99.74424552429667, ""stk_new_high_20d"": 88.23529411764706, ""tech_score"": 94.70588235294119}"
20260303,600410,华胜天成,指标筛选/default,SELL,26.052,27.7943,6700,11378.957127000001,0.06517129039086525,5,False,,False,True,20260224,trailing_stop,2,94.8575,综合评分 94.9，候选排名第 2；当日涨幅 +10.01%，短线强度已确认；流动性分位 99.5，承接能力较好；tech_score 94.7，指标表现靠前；通过市场、流动性、强度、量能、趋势过滤,"{""stk_liquidity_percentile"": 99.52502740226525, ""stk_new_high_20d"": 88.23529411764706, ""tech_score"": 94.70588235294119}"
20260303,601390,中国中铁,指标筛选/default,SELL,6.07212,5.99798,29500,-2470.890795000014,-0.01378989378224583,4,False,,False,False,20260225,time_stop,1,94.8794,综合评分 94.9，候选排名第 1；当日涨幅 +10.00%，短线强度已确认；量价活跃，成交额/成交量约为5日均值 3.62/3.37 倍；流动性分位 99.6，承接能力较好；tech_score 94.7，指标表现靠前,"{""stk_liquidity_percentile"": 99.59810010960905, ""stk_new_high_20d"": 88.23529411764706, ""tech_score"": 94.70588235294119}"
20260303,600096,云天化,指标筛选/default,SELL,43.486799999999995,41.09764,4100,-10068.095185199985,-0.05645153248914801,3,False,,True,False,20260226,stop_loss,3,94.8794,综合评分 94.9，候选排名第 3；当日涨幅 +10.01%，短线强度已确认；量价活跃，成交额/成交量约为5日均值 4.26/3.70 倍；流动性分位 99.6，承接能力较好；tech_score 94.7，指标表现靠前,"{""stk_liquidity_percentile"": 99.59787972948273, ""stk_new_high_20d"": 88.23529411764706, ""tech_score"": 94.70588235294119}"
20260309,002261,拓维信息,指标筛选/default,BUY,39.56898,0.0,4600,0.0,0.0,0,False,,False,False,20260309,buy,1,94.9069,综合评分 94.9，候选排名第 1；当日涨幅 +10.00%，短线强度已确认；量价活跃，成交额/成交量约为5日均值 2.62/2.54 倍；流动性分位 99.7，承接能力较好；tech_score 94.7，指标表现靠前,"{""stk_liquidity_percentile"": 99.68961110096768, ""stk_new_high_20d"": 88.23529411764706, ""tech_score"": 94.70588235294119}"
20260309,002506,协鑫集成,指标筛选/default,BUY,5.661300000000001,0.0,32600,0.0,0.0,0,False,,False,False,20260309,buy,2,94.8521,综合评分 94.9，候选排名第 2；当日涨幅 +10.10%，短线强度已确认；量能未明显放大，成交额/成交量约为5日均值 0.84/0.78 倍；流动性分位 99.5，承接能力较好；tech_score 94.7，指标表现靠前,"{""stk_liquidity_percentile"": 99.50702939565456, ""stk_new_high_20d"": 88.23529411764706, ""tech_score"": 94.70588235294119}"
20260309,601868,中国能建,指标筛选/default,BUY,2.9559,0.0,62500,0.0,0.0,0,False,,False,False,20260309,buy,3,94.6897,综合评分 94.7，候选排名第 3；当日涨幅 +9.89%，短线强度已确认；量价活跃，成交额/成交量约为5日均值 4.72/4.13 倍；流动性分位 99.5，承接能力较好；tech_score 94.4，指标表现靠前,"{""stk_liquidity_percentile"": 99.48877122512324, ""stk_new_high_20d"": 88.23529411764706, ""tech_score"": 94.39210735294117}"
20260312,000988,华工科技,指标筛选/default,SELL,85.87140000000001,127.64420000000001,2000,83162.20224000001,0.4840800374844331,11,False,,False,True,20260225,trailing_stop,2,94.863,综合评分 94.9，候选排名第 2；当日涨幅 +10.00%，短线强度已确认；量价活跃，成交额/成交量约为5日均值 2.45/2.25 倍；流动性分位 99.6，承接能力较好；tech_score 94.7，指标表现靠前,"{""stk_liquidity_percentile"": 99.56156375593716, ""stk_new_high_20d"": 88.23529411764706, ""tech_score"": 94.69488235294119}"
20260312,002261,拓维信息,指标筛选/default,SELL,39.56898,39.64056,4600,37.612258799985284,0.00020657913755340977,3,False,,False,True,20260309,trailing_stop,1,94.9069,综合评分 94.9，候选排名第 1；当日涨幅 +10.00%，短线强度已确认；量价活跃，成交额/成交量约为5日均值 2.62/2.54 倍；流动性分位 99.7，承接能力较好；tech_score 94.7，指标表现靠前,"{""stk_liquidity_percentile"": 99.68961110096768, ""stk_new_high_20d"": 88.23529411764706, ""tech_score"": 94.70588235294119}"
20260313,002506,协鑫集成,指标筛选/default,SELL,5.661300000000001,5.40916,32600,-8504.371714800043,-0.04606575528268891,4,False,,False,True,20260309,trailing_stop,2,94.8521,综合评分 94.9，候选排名第 2；当日涨幅 +10.10%，短线强度已确认；量能未明显放大，成交额/成交量约为5日均值 0.84/0.78 倍；流动性分位 99.5，承接能力较好；tech_score 94.7，指标表现靠前,"{""stk_liquidity_percentile"": 99.50702939565456, ""stk_new_high_20d"": 88.23529411764706, ""tech_score"": 94.70588235294119}"
20260316,601868,中国能建,指标筛选/default,SELL,2.9559,3.42314,62500,28868.946750000003,0.15621794330471792,5,False,,False,True,20260309,trailing_stop,3,94.6897,综合评分 94.7，候选排名第 3；当日涨幅 +9.89%，短线强度已确认；量价活跃，成交额/成交量约为5日均值 4.72/4.13 倍；流动性分位 99.5，承接能力较好；tech_score 94.4，指标表现靠前,"{""stk_liquidity_percentile"": 99.48877122512324, ""stk_new_high_20d"": 88.23529411764706, ""tech_score"": 94.39210735294117}"
20260324,002565,顺灏股份,指标筛选/default,BUY,17.34462,0.0,11000,0.0,0.0,0,False,,False,False,20260324,buy,1,94.7346,综合评分 94.7，候选排名第 1；当日涨幅 +9.97%，短线强度已确认；量价活跃，成交额/成交量约为5日均值 4.43/3.81 倍；流动性分位 99.2，承接能力较好；tech_score 94.6，指标表现靠前,"{""stk_liquidity_percentile"": 99.23399598759804, ""stk_new_high_20d"": 88.23529411764706, ""tech_score"": 94.63465735294118}"
20260324,600143,金发科技,指标筛选/default,BUY,17.90574,0.0,10700,0.0,0.0,0,False,,False,False,20260324,buy,2,94.4364,综合评分 94.4，候选排名第 2；当日涨幅 +10.02%，短线强度已确认；量价活跃，成交额/成交量约为5日均值 4.20/4.34 倍；流动性分位 98.1，承接能力较好；tech_score 94.7，指标表现靠前,"{""stk_liquidity_percentile"": 98.12146635053803, ""stk_new_high_20d"": 88.23529411764706, ""tech_score"": 94.70588235294119}"
20260324,002310,东方新能,指标筛选/default,BUY,3.84768,0.0,49800,0.0,0.0,0,False,,False,False,20260324,buy,3,94.4036,综合评分 94.4，候选排名第 3；当日涨幅 +10.06%，短线强度已确认；量价活跃，成交额/成交量约为5日均值 4.19/3.09 倍；流动性分位 98.0，承接能力较好；tech_score 94.7，指标表现靠前,"{""stk_liquidity_percentile"": 98.01203720590918, ""stk_new_high_20d"": 88.23529411764706, ""tech_score"": 94.70588235294119}"
20260325,002565,顺灏股份,指标筛选/default,SELL,17.34462,16.187559999999998,11000,-13016.379354000004,-0.06820283916865921,1,False,,True,False,20260324,stop_loss,1,94.7346,综合评分 94.7，候选排名第 1；当日涨幅 +9.97%，短线强度已确认；量价活跃，成交额/成交量约为5日均值 4.43/3.81 倍；流动性分位 99.2，承接能力较好；tech_score 94.6，指标表现靠前,"{""stk_liquidity_percentile"": 99.23399598759804, ""stk_new_high_20d"": 88.23529411764706, ""tech_score"": 94.63465735294118}"
20260326,002310,东方新能,指标筛选/default,SELL,3.84768,3.4830200000000002,49800,-18443.04305399998,-0.09622192091125147,2,False,,True,False,20260324,stop_loss,3,94.4036,综合评分 94.4，候选排名第 3；当日涨幅 +10.06%，短线强度已确认；量价活跃，成交额/成交量约为5日均值 4.19/3.09 倍；流动性分位 98.0，承接能力较好；tech_score 94.7，指标表现靠前,"{""stk_liquidity_percentile"": 98.01203720590918, ""stk_new_high_20d"": 88.23529411764706, ""tech_score"": 94.70588235294119}"
20260326,002475,立讯精密,指标筛选/default,BUY,51.81342,0.0,3600,0.0,0.0,0,False,,False,False,20260326,buy,1,94.9663,综合评分 95.0，候选排名第 1；当日涨幅 +9.99%，短线强度已确认；量价活跃，成交额/成交量约为5日均值 1.83/1.81 倍；流动性分位 99.9，承接能力较好；tech_score 94.7，指标表现靠前,"{""stk_liquidity_percentile"": 99.92703392922292, ""stk_new_high_20d"": 88.23529411764706, ""tech_score"": 94.68223235294118}"
20260326,601869,长飞光纤,指标筛选/default,BUY,258.95688,0.0,700,0.0,0.0,0,False,,False,False,20260326,buy,2,94.8243,综合评分 94.8，候选排名第 2；当日涨幅 +10.00%，短线强度已确认；量价活跃，成交额/成交量约为5日均值 1.32/1.22 倍；流动性分位 99.4，承接能力较好；tech_score 94.7，指标表现靠前,"{""stk_liquidity_percentile"": 99.4162714337833, ""stk_new_high_20d"": 88.23529411764706, ""tech_score"": 94.70478235294118}"
20260327,600143,金发科技,指标筛选/default,SELL,17.90574,16.97598,10700,-10242.045307199995,-0.05344171321450035,3,False,,True,False,20260324,stop_loss,2,94.4364,综合评分 94.4，候选排名第 2；当日涨幅 +10.02%，短线强度已确认；量价活跃，成交额/成交量约为5日均值 4.20/4.34 倍；流动性分位 98.1，承接能力较好；tech_score 94.7，指标表现靠前,"{""stk_liquidity_percentile"": 98.12146635053803, ""stk_new_high_20d"": 88.23529411764706, ""tech_score"": 94.70588235294119}"
20260330,002475,立讯精密,指标筛选/default,SELL,51.81342,48.662479999999995,3600,-11627.082900000009,-0.06231545064994548,2,False,,True,False,20260326,stop_loss,1,94.9663,综合评分 95.0，候选排名第 1；当日涨幅 +9.99%，短线强度已确认；量价活跃，成交额/成交量约为5日均值 1.83/1.81 倍；流动性分位 99.9，承接能力较好；tech_score 94.7，指标表现靠前,"{""stk_liquidity_percentile"": 99.92703392922292, ""stk_new_high_20d"": 88.23529411764706, ""tech_score"": 94.68223235294118}"
20260409,300058,蓝色光标,指标筛选/default,BUY,16.4328,0.0,11800,0.0,0.0,0,False,,False,False,20260409,buy,2,94.929,综合评分 94.9，候选排名第 2；当日涨幅 +20.01%，短线强度已确认；量价活跃，成交额/成交量约为5日均值 2.50/2.36 倍；流动性分位 99.8，承接能力较好；tech_score 94.7，指标表现靠前,"{""stk_liquidity_percentile"": 99.7632058287796, ""stk_new_high_20d"": 88.23529411764706, ""tech_score"": 94.70588235294119}"
20260409,300475,香农芯创,指标筛选/default,BUY,149.86914,0.0,1200,0.0,0.0,0,False,,False,False,20260409,buy,3,94.9235,综合评分 94.9，候选排名第 3；当日涨幅 +20.00%，短线强度已确认；量价活跃，成交额/成交量约为5日均值 2.52/2.59 倍；流动性分位 99.7，承接能力较好；tech_score 94.7，指标表现靠前,"{""stk_liquidity_percentile"": 99.74499089253187, ""stk_new_high_20d"": 88.23529411764706, ""tech_score"": 94.70588235294119}"
20260414,601869,长飞光纤,指标筛选/default,SELL,258.95688,363.771,700,72984.47144519998,0.4025081741705902,12,False,,False,True,20260326,trailing_stop,2,94.8243,综合评分 94.8，候选排名第 2；当日涨幅 +10.00%，短线强度已确认；量价活跃，成交额/成交量约为5日均值 1.32/1.22 倍；流动性分位 99.4，承接能力较好；tech_score 94.7，指标表现靠前,"{""stk_liquidity_percentile"": 99.4162714337833, ""stk_new_high_20d"": 88.23529411764706, ""tech_score"": 94.70478235294118}"
20260415,300058,蓝色光标,指标筛选/default,SELL,16.4328,16.39714,11800,-730.4922395999893,-0.0037660992486538572,4,False,,False,False,20260409,time_stop,2,94.929,综合评分 94.9，候选排名第 2；当日涨幅 +20.01%，短线强度已确认；量价活跃，成交额/成交量约为5日均值 2.50/2.36 倍；流动性分位 99.8，承接能力较好；tech_score 94.7，指标表现靠前,"{""stk_liquidity_percentile"": 99.7632058287796, ""stk_new_high_20d"": 88.23529411764706, ""tech_score"": 94.70588235294119}"
20260427,002407,多氟多,指标筛选/default,BUY,33.69726,0.0,5800,0.0,0.0,0,False,,False,False,20260427,buy,1,94.747,综合评分 94.7，候选排名第 1；当日涨幅 +9.99%，短线强度已确认；量价活跃，成交额/成交量约为5日均值 3.32/2.93 倍；流动性分位 99.2，承接能力较好；tech_score 94.7，指标表现靠前,"{""stk_liquidity_percentile"": 99.21761280931587, ""stk_new_high_20d"": 88.23529411764706, ""tech_score"": 94.66930735294117}"
20260427,002812,恩捷股份,指标筛选/default,BUY,80.40048,0.0,2400,0.0,0.0,0,False,,False,False,20260427,buy,2,94.5961,综合评分 94.6，候选排名第 2；当日涨幅 +10.01%，短线强度已确认；量价活跃，成交额/成交量约为5日均值 2.02/1.82 倍；流动性分位 98.7，承接能力较好；tech_score 94.7，指标表现靠前,"{""stk_liquidity_percentile"": 98.65356622998544, ""stk_new_high_20d"": 88.23529411764706, ""tech_score"": 94.70588235294119}"
20260427,600338,西藏珠峰,指标筛选/default,BUY,22.8456,0.0,8600,0.0,0.0,0,False,,False,False,20260427,buy,3,94.4408,综合评分 94.4，候选排名第 3；当日涨幅 +9.99%，短线强度已确认；量价活跃，成交额/成交量约为5日均值 4.58/3.58 倍；流动性分位 98.2，承接能力较好；tech_score 94.7，指标表现靠前,"{""stk_liquidity_percentile"": 98.18049490538574, ""stk_new_high_20d"": 88.23529411764706, ""tech_score"": 94.67920735294118}"
20260507,600338,西藏珠峰,指标筛选/default,SELL,22.8456,25.56876,8600,23074.3756152,0.1174082647566272,5,False,,False,True,20260427,trailing_stop,3,94.4408,综合评分 94.4，候选排名第 3；当日涨幅 +9.99%，短线强度已确认；量价活跃，成交额/成交量约为5日均值 4.58/3.58 倍；流动性分位 98.2，承接能力较好；tech_score 94.7，指标表现靠前,"{""stk_liquidity_percentile"": 98.18049490538574, ""stk_new_high_20d"": 88.23529411764706, ""tech_score"": 94.67920735294118}"
20260507,603986,兆易创新,指标筛选/default,BUY,347.694,0.0,600,0.0,0.0,0,False,,False,False,20260507,buy,1,94.929,综合评分 94.9，候选排名第 1；当日涨幅 +10.00%，短线强度已确认；流动性分位 99.8，承接能力较好；tech_score 94.7，指标表现靠前；通过市场、流动性、强度、量能、趋势过滤,"{""stk_liquidity_percentile"": 99.7632058287796, ""stk_new_high_20d"": 88.23529411764706, ""tech_score"": 94.70588235294119}"
20260507,301308,江波龙,指标筛选/default,BUY,490.98,0.0,400,0.0,0.0,0,False,,False,False,20260507,buy,2,94.8852,综合评分 94.9，候选排名第 2；当日涨幅 +20.00%，短线强度已确认；流动性分位 99.6，承接能力较好；tech_score 94.7，指标表现靠前；通过市场、流动性、强度、量能、趋势过滤,"{""stk_liquidity_percentile"": 99.61748633879782, ""stk_new_high_20d"": 88.23529411764706, ""tech_score"": 94.70588235294119}"
20260508,300475,香农芯创,指标筛选/default,SELL,149.86914,180.65796,1200,36610.804692000005,0.203509901730362,18,False,,False,True,20260409,trailing_stop,3,94.9235,综合评分 94.9，候选排名第 3；当日涨幅 +20.00%，短线强度已确认；量价活跃，成交额/成交量约为5日均值 2.52/2.59 倍；流动性分位 99.7，承接能力较好；tech_score 94.7，指标表现靠前,"{""stk_liquidity_percentile"": 99.74499089253187, ""stk_new_high_20d"": 88.23529411764706, ""tech_score"": 94.70588235294119}"
20260508,002407,多氟多,指标筛选/default,SELL,33.69726,34.92002,5800,6770.077816800011,0.034629068493480686,6,False,,False,True,20260427,trailing_stop,1,94.747,综合评分 94.7，候选排名第 1；当日涨幅 +9.99%，短线强度已确认；量价活跃，成交额/成交量约为5日均值 3.32/2.93 倍；流动性分位 99.2，承接能力较好；tech_score 94.7，指标表现靠前,"{""stk_liquidity_percentile"": 99.21761280931587, ""stk_new_high_20d"": 88.23529411764706, ""tech_score"": 94.66930735294117}"
20260508,002812,恩捷股份,指标筛选/default,SELL,80.40048,81.10745999999999,2400,1385.8083791999961,0.007179645990979494,6,False,,False,False,20260427,time_stop,2,94.5961,综合评分 94.6，候选排名第 2；当日涨幅 +10.01%，短线强度已确认；量价活跃，成交额/成交量约为5日均值 2.02/1.82 倍；流动性分位 98.7，承接能力较好；tech_score 94.7，指标表现靠前,"{""stk_liquidity_percentile"": 98.65356622998544, ""stk_new_high_20d"": 88.23529411764706, ""tech_score"": 94.70588235294119}"
20260511,002281,光迅科技,指标筛选/default,BUY,188.376,0.0,1000,0.0,0.0,0,False,,False,False,20260511,buy,1,94.9344,综合评分 94.9，候选排名第 1；当日涨幅 +10.00%，短线强度已确认；量价活跃，成交额/成交量约为5日均值 1.26/1.17 倍；流动性分位 99.8，承接能力较好；tech_score 94.7，指标表现靠前,"{""stk_liquidity_percentile"": 99.78146057184483, ""stk_new_high_20d"": 88.23529411764706, ""tech_score"": 94.70588235294119}"
20260511,600498,烽火通信,指标筛选/default,BUY,60.12,0.0,3300,0.0,0.0,0,False,,False,False,20260511,buy,2,94.7706,综合评分 94.8，候选排名第 2；当日涨幅 +10.00%，短线强度已确认；量价活跃，成交额/成交量约为5日均值 1.28/1.17 倍；流动性分位 99.3，承接能力较好；tech_score 94.7，指标表现靠前,"{""stk_liquidity_percentile"": 99.25332362046986, ""stk_new_high_20d"": 88.23529411764706, ""tech_score"": 94.69515735294118}"
20260511,000547,航天发展,指标筛选/default,BUY,28.64718,0.0,7000,0.0,0.0,0,False,,False,False,20260511,buy,3,94.6667,综合评分 94.7，候选排名第 3；当日涨幅 +10.01%，短线强度已确认；量价活跃，成交额/成交量约为5日均值 2.44/2.32 倍；流动性分位 98.9，承接能力较好；tech_score 94.7，指标表现靠前,"{""stk_liquidity_percentile"": 98.88909124021126, ""stk_new_high_20d"": 88.23529411764706, ""tech_score"": 94.70588235294119}"
20260512,603986,兆易创新,指标筛选/default,SELL,347.694,352.8429,600,2751.537617999973,0.013185504132362984,3,False,,False,False,20260507,time_stop,1,94.929,综合评分 94.9，候选排名第 1；当日涨幅 +10.00%，短线强度已确认；流动性分位 99.8，承接能力较好；tech_score 94.7，指标表现靠前；通过市场、流动性、强度、量能、趋势过滤,"{""stk_liquidity_percentile"": 99.7632058287796, ""stk_new_high_20d"": 88.23529411764706, ""tech_score"": 94.70588235294119}"
20260512,300604,长川科技,指标筛选/default,BUY,220.42998,0.0,900,0.0,0.0,0,False,,False,False,20260512,buy,2,94.8252,综合评分 94.8，候选排名第 2；当日涨幅 +20.00%，短线强度已确认；量价活跃，成交额/成交量约为5日均值 1.86/1.63 倍；流动性分位 99.4，承接能力较好；tech_score 94.7，指标表现靠前,"{""stk_liquidity_percentile"": 99.41722819158623, ""stk_new_high_20d"": 88.23529411764706, ""tech_score"": 94.70588235294119}"
20260512,600584,长电科技,指标筛选/default,BUY,56.87352,0.0,3600,0.0,0.0,0,False,,False,False,20260512,buy,3,94.7924,综合评分 94.8，候选排名第 3；当日涨幅 +10.01%，短线强度已确认；量价活跃，成交额/成交量约为5日均值 1.23/1.08 倍；流动性分位 99.3，承接能力较好；tech_score 94.7，指标表现靠前,"{""stk_liquidity_percentile"": 99.30795847750865, ""stk_new_high_20d"": 88.23529411764706, ""tech_score"": 94.70588235294119}"
20260514,600498,烽火通信,指标筛选/default,SELL,60.12,59.05166,3300,-3838.3724213999812,-0.019341222882636115,3,False,,False,False,20260511,time_stop,2,94.7706,综合评分 94.8，候选排名第 2；当日涨幅 +10.00%，短线强度已确认；量价活跃，成交额/成交量约为5日均值 1.28/1.17 倍；流动性分位 99.3，承接能力较好；tech_score 94.7，指标表现靠前,"{""stk_liquidity_percentile"": 99.25332362046986, ""stk_new_high_20d"": 88.23529411764706, ""tech_score"": 94.69515735294118}"
20260514,000547,航天发展,指标筛选/default,SELL,28.64718,25.97794,7000,-18981.23833199995,-0.0946268441894977,3,False,,True,False,20260511,stop_loss,3,94.6667,综合评分 94.7，候选排名第 3；当日涨幅 +10.01%，短线强度已确认；量价活跃，成交额/成交量约为5日均值 2.44/2.32 倍；流动性分位 98.9，承接能力较好；tech_score 94.7，指标表现靠前,"{""stk_liquidity_percentile"": 98.88909124021126, ""stk_new_high_20d"": 88.23529411764706, ""tech_score"": 94.70588235294119}"
20260514,300604,长川科技,指标筛选/default,SELL,220.42998,208.45226,900,-11083.353238799988,-0.05585058615403998,2,False,,True,False,20260512,stop_loss,2,94.8252,综合评分 94.8，候选排名第 2；当日涨幅 +20.00%，短线强度已确认；量价活跃，成交额/成交量约为5日均值 1.86/1.63 倍；流动性分位 99.4，承接能力较好；tech_score 94.7，指标表现靠前,"{""stk_liquidity_percentile"": 99.41722819158623, ""stk_new_high_20d"": 88.23529411764706, ""tech_score"": 94.70588235294119}"
20260514,601138,工业富联,指标筛选/default,BUY,74.148,0.0,2800,0.0,0.0,0,False,,False,False,20260514,buy,1,95.0,综合评分 95.0，候选排名第 1；当日涨幅 +10.00%，短线强度已确认；量价活跃，成交额/成交量约为5日均值 1.95/1.81 倍；流动性分位 100.0，承接能力较好；tech_score 94.7，指标表现靠前,"{""stk_liquidity_percentile"": 100.0, ""stk_new_high_20d"": 88.23529411764706, ""tech_score"": 94.70588235294119}"
20260514,001309,德明利,指标筛选/default,BUY,700.398,0.0,300,0.0,0.0,0,False,,False,False,20260514,buy,2,94.8689,综合评分 94.9，候选排名第 2；当日涨幅 +10.00%，短线强度已确认；流动性分位 99.6，承接能力较好；tech_score 94.7，指标表现靠前；通过市场、流动性、强度、量能、趋势过滤,"{""stk_liquidity_percentile"": 99.56308028399782, ""stk_new_high_20d"": 88.23529411764706, ""tech_score"": 94.70588235294119}"
20260514,603629,利通电子,指标筛选/default,BUY,175.35,0.0,1200,0.0,0.0,0,False,,False,False,20260514,buy,3,94.6933,综合评分 94.7，候选排名第 3；当日涨幅 +10.00%，短线强度已确认；流动性分位 99.0，承接能力较好；tech_score 94.7，指标表现靠前；通过市场、流动性、强度、量能、趋势过滤,"{""stk_liquidity_percentile"": 98.98052066266156, ""stk_new_high_20d"": 88.23529411764706, ""tech_score"": 94.70423235294118}"
20260515,601138,工业富联,指标筛选/default,SELL,74.148,67.48476000000001,2800,-18965.000846399955,-0.09131983644912978,1,False,,True,False,20260514,stop_loss,1,95.0,综合评分 95.0，候选排名第 1；当日涨幅 +10.00%，短线强度已确认；量价活跃，成交额/成交量约为5日均值 1.95/1.81 倍；流动性分位 100.0，承接能力较好；tech_score 94.7，指标表现靠前,"{""stk_liquidity_percentile"": 100.0, ""stk_new_high_20d"": 88.23529411764706, ""tech_score"": 94.70588235294119}"
20260518,002407,多氟多,指标筛选/default,BUY,37.29444,0.0,5400,0.0,0.0,0,False,,False,False,20260518,buy,2,94.596,综合评分 94.6，候选排名第 2；当日涨幅 +10.02%，短线强度已确认；量价活跃，成交额/成交量约为5日均值 1.30/1.26 倍；流动性分位 98.7，承接能力较好；tech_score 94.7，指标表现靠前,"{""stk_liquidity_percentile"": 98.6533212010919, ""stk_new_high_20d"": 88.23529411764706, ""tech_score"": 94.70588235294119}"
20260519,301308,江波龙,指标筛选/default,SELL,490.98,561.3051399999999,400,27779.2597272,0.14140559925386675,8,False,,False,True,20260507,trailing_stop,2,94.8852,综合评分 94.9，候选排名第 2；当日涨幅 +20.00%，短线强度已确认；流动性分位 99.6，承接能力较好；tech_score 94.7，指标表现靠前；通过市场、流动性、强度、量能、趋势过滤,"{""stk_liquidity_percentile"": 99.61748633879782, ""stk_new_high_20d"": 88.23529411764706, ""tech_score"": 94.70588235294119}"
20260519,001309,德明利,指标筛选/default,SELL,700.398,697.76168,300,-1126.0588751999894,-0.005357530807970772,3,False,,False,False,20260514,time_stop,2,94.8689,综合评分 94.9，候选排名第 2；当日涨幅 +10.00%，短线强度已确认；流动性分位 99.6，承接能力较好；tech_score 94.7，指标表现靠前；通过市场、流动性、强度、量能、趋势过滤,"{""stk_liquidity_percentile"": 99.56308028399782, ""stk_new_high_20d"": 88.23529411764706, ""tech_score"": 94.70588235294119}"
20260519,603629,利通电子,指标筛选/default,SELL,175.35,173.9514,1200,-2012.8101839999727,-0.00956281019885638,3,False,,False,False,20260514,time_stop,3,94.6933,综合评分 94.7，候选排名第 3；当日涨幅 +10.00%，短线强度已确认；流动性分位 99.0，承接能力较好；tech_score 94.7，指标表现靠前；通过市场、流动性、强度、量能、趋势过滤,"{""stk_liquidity_percentile"": 98.98052066266156, ""stk_new_high_20d"": 88.23529411764706, ""tech_score"": 94.70423235294118}"
20260519,000988,华工科技,指标筛选/default,BUY,151.36212,0.0,1300,0.0,0.0,0,False,,False,False,20260519,buy,1,94.8636,综合评分 94.9，候选排名第 1；当日涨幅 +10.00%，短线强度已确认；量能未明显放大，成交额/成交量约为5日均值 0.72/0.70 倍；流动性分位 99.5，承接能力较好；tech_score 94.7，指标表现靠前,"{""stk_liquidity_percentile"": 99.54537188579742, ""stk_new_high_20d"": 88.23529411764706, ""tech_score"": 94.70588235294119}"
20260521,002281,光迅科技,指标筛选/default,SELL,188.376,216.86540000000002,1000,28150.962180000002,0.1493954613335709,8,False,,False,True,20260511,trailing_stop,1,94.9344,综合评分 94.9，候选排名第 1；当日涨幅 +10.00%，短线强度已确认；量价活跃，成交额/成交量约为5日均值 1.26/1.17 倍；流动性分位 99.8，承接能力较好；tech_score 94.7，指标表现靠前,"{""stk_liquidity_percentile"": 99.78146057184483, ""stk_new_high_20d"": 88.23529411764706, ""tech_score"": 94.70588235294119}"
20260521,000988,华工科技,指标筛选/default,SELL,151.36212,153.65208,1300,2658.2447580000153,0.013505297117133058,2,False,,False,True,20260519,trailing_stop,1,94.8636,综合评分 94.9，候选排名第 1；当日涨幅 +10.00%，短线强度已确认；量能未明显放大，成交额/成交量约为5日均值 0.72/0.70 倍；流动性分位 99.5，承接能力较好；tech_score 94.7，指标表现靠前,"{""stk_liquidity_percentile"": 99.54537188579742, ""stk_new_high_20d"": 88.23529411764706, ""tech_score"": 94.70588235294119}"
20260521,002654,万润科技,指标筛选/default,BUY,19.8396,0.0,11000,0.0,0.0,0,False,,False,False,20260521,buy,3,94.5891,综合评分 94.6，候选排名第 3；当日涨幅 +9.98%，短线强度已确认；量价活跃，成交额/成交量约为5日均值 2.34/2.12 倍；流动性分位 98.7，承接能力较好；tech_score 94.7，指标表现靠前,"{""stk_liquidity_percentile"": 98.7086213168425, ""stk_new_high_20d"": 88.23529411764706, ""tech_score"": 94.65885735294118}"
20260522,002654,万润科技,指标筛选/default,SELL,19.8396,17.7145,11000,-23694.888030000002,-0.10854224377457827,1,False,,True,False,20260521,stop_loss,3,94.5891,综合评分 94.6，候选排名第 3；当日涨幅 +9.98%，短线强度已确认；量价活跃，成交额/成交量约为5日均值 2.34/2.12 倍；流动性分位 98.7，承接能力较好；tech_score 94.7，指标表现靠前,"{""stk_liquidity_percentile"": 98.7086213168425, ""stk_new_high_20d"": 88.23529411764706, ""tech_score"": 94.65885735294118}"
20260522,000725,京东方A,指标筛选/default,BUY,4.7094000000000005,0.0,45300,0.0,0.0,0,False,,False,False,20260522,buy,1,94.4546,综合评分 94.5，候选排名第 1；当日涨幅 +10.09%，短线强度已确认；量价活跃，成交额/成交量约为5日均值 1.44/1.30 倍；流动性分位 98.2，承接能力较好；tech_score 94.7，指标表现靠前,"{""stk_liquidity_percentile"": 98.18214870023631, ""stk_new_high_20d"": 88.23529411764706, ""tech_score"": 94.70588235294119}"
20260525,002407,多氟多,指标筛选/default,SELL,37.29444,38.353139999999996,5400,5387.323964399984,0.026742682823123268,5,False,,False,True,20260518,trailing_stop,2,94.596,综合评分 94.6，候选排名第 2；当日涨幅 +10.02%，短线强度已确认；量价活跃，成交额/成交量约为5日均值 1.30/1.26 倍；流动性分位 98.7，承接能力较好；tech_score 94.7，指标表现靠前,"{""stk_liquidity_percentile"": 98.6533212010919, ""stk_new_high_20d"": 88.23529411764706, ""tech_score"": 94.70588235294119}"
20260525,300476,胜宏科技,指标筛选/default,BUY,390.78,0.0,500,0.0,0.0,0,False,,False,False,20260525,buy,1,94.9945,综合评分 95.0，候选排名第 1；当日涨幅 +13.31%，短线强度已确认；量价活跃，成交额/成交量约为5日均值 2.08/1.96 倍；流动性分位 100.0，承接能力较好；tech_score 94.7，指标表现靠前,"{""stk_liquidity_percentile"": 99.98183139534885, ""stk_new_high_20d"": 88.23529411764706, ""tech_score"": 94.70588235294119}"
20260525,002463,沪电股份,指标筛选/default,BUY,121.26204,0.0,1700,0.0,0.0,0,False,,False,False,20260525,buy,2,94.8746,综合评分 94.9，候选排名第 2；当日涨幅 +10.00%，短线强度已确认；量价活跃，成交额/成交量约为5日均值 1.86/1.73 倍；流动性分位 99.6，承接能力较好；tech_score 94.7，指标表现靠前,"{""stk_liquidity_percentile"": 99.58212209302324, ""stk_new_high_20d"": 88.23529411764706, ""tech_score"": 94.70588235294119}"
20260525,600183,生益科技,指标筛选/default,BUY,114.228,0.0,1800,0.0,0.0,0,False,,False,False,20260525,buy,3,94.7765,综合评分 94.8，候选排名第 3；当日涨幅 +10.00%，短线强度已确认；流动性分位 99.3，承接能力较好；tech_score 94.7，指标表现靠前；通过市场、流动性、强度、量能、趋势过滤,"{""stk_liquidity_percentile"": 99.25508720930233, ""stk_new_high_20d"": 88.23529411764706, ""tech_score"": 94.70588235294119}"
20260527,600584,长电科技,指标筛选/default,SELL,56.87352,85.98768,3600,104347.13025599997,0.5094923080848148,11,False,,False,True,20260512,trailing_stop,3,94.7924,综合评分 94.8，候选排名第 3；当日涨幅 +10.01%，短线强度已确认；量价活跃，成交额/成交量约为5日均值 1.23/1.08 倍；流动性分位 99.3，承接能力较好；tech_score 94.7，指标表现靠前,"{""stk_liquidity_percentile"": 99.30795847750865, ""stk_new_high_20d"": 88.23529411764706, ""tech_score"": 94.70588235294119}"
20260527,002185,华天科技,指标筛选/default,BUY,19.7895,0.0,11800,0.0,0.0,0,False,,False,False,20260527,buy,2,94.8583,综合评分 94.9，候选排名第 2；当日涨幅 +10.02%，短线强度已确认；量价活跃，成交额/成交量约为5日均值 1.85/1.56 倍；流动性分位 99.5，承接能力较好；tech_score 94.7，指标表现靠前,"{""stk_liquidity_percentile"": 99.52761627906976, ""stk_new_high_20d"": 88.23529411764706, ""tech_score"": 94.70588235294119}"
20260528,300476,胜宏科技,指标筛选/default,SELL,390.78,374.5494,500,-8417.374110000033,-0.04306694127183327,3,False,,False,False,20260525,time_stop,1,94.9945,综合评分 95.0，候选排名第 1；当日涨幅 +13.31%，短线强度已确认；量价活跃，成交额/成交量约为5日均值 2.08/1.96 倍；流动性分位 100.0，承接能力较好；tech_score 94.7，指标表现靠前,"{""stk_liquidity_percentile"": 99.98183139534885, ""stk_new_high_20d"": 88.23529411764706, ""tech_score"": 94.70588235294119}"
20260528,600396,华电辽能,指标筛选/default,BUY,19.539,0.0,11800,0.0,0.0,0,False,,False,False,20260528,buy,1,94.3625,综合评分 94.4，候选排名第 1；当日涨幅 +10.01%，短线强度已确认；流动性分位 97.9，承接能力较好；tech_score 94.7，指标表现靠前；通过市场、流动性、强度、量能、趋势过滤,"{""stk_liquidity_percentile"": 97.87504540501271, ""stk_new_high_20d"": 88.23529411764706, ""tech_score"": 94.70588235294119}"
20260528,601126,四方股份,指标筛选/default,BUY,85.3704,0.0,2700,0.0,0.0,0,False,,False,False,20260528,buy,2,94.1664,综合评分 94.2，候选排名第 2；当日涨幅 +10.00%，短线强度已确认；量价活跃，成交额/成交量约为5日均值 1.22/1.21 倍；流动性分位 97.2，承接能力较好；tech_score 94.7，指标表现靠前,"{""stk_liquidity_percentile"": 97.2212132219397, ""stk_new_high_20d"": 88.23529411764706, ""tech_score"": 94.70588235294119}"
20260529,000725,京东方A,指标筛选/default,SELL,4.7094000000000005,5.09978,45300,17319.887209799985,0.08116167646839334,5,False,,False,True,20260522,trailing_stop,1,94.4546,综合评分 94.5，候选排名第 1；当日涨幅 +10.09%，短线强度已确认；量价活跃，成交额/成交量约为5日均值 1.44/1.30 倍；流动性分位 98.2，承接能力较好；tech_score 94.7，指标表现靠前,"{""stk_liquidity_percentile"": 98.18214870023631, ""stk_new_high_20d"": 88.23529411764706, ""tech_score"": 94.70588235294119}"
20260529,002185,华天科技,指标筛选/default,SELL,19.7895,19.30132,11800,-6126.661078800011,-0.026228699570224483,2,False,,False,True,20260527,trailing_stop,2,94.8583,综合评分 94.9，候选排名第 2；当日涨幅 +10.02%，短线强度已确认；量价活跃，成交额/成交量约为5日均值 1.85/1.56 倍；流动性分位 99.5，承接能力较好；tech_score 94.7，指标表现靠前,"{""stk_liquidity_percentile"": 99.52761627906976, ""stk_new_high_20d"": 88.23529411764706, ""tech_score"": 94.70588235294119}"
20260529,601126,四方股份,指标筛选/default,SELL,85.3704,77.7442,2700,-20932.77216600001,-0.09078736205963438,1,False,,True,False,20260528,stop_loss,2,94.1664,综合评分 94.2，候选排名第 2；当日涨幅 +10.00%，短线强度已确认；量价活跃，成交额/成交量约为5日均值 1.22/1.21 倍；流动性分位 97.2，承接能力较好；tech_score 94.7，指标表现靠前,"{""stk_liquidity_percentile"": 97.2212132219397, ""stk_new_high_20d"": 88.23529411764706, ""tech_score"": 94.70588235294119}"
20260529,000063,中兴通讯,指标筛选/default,BUY,38.577,0.0,6100,0.0,0.0,0,False,,False,False,20260529,buy,1,94.8015,综合评分 94.8，候选排名第 1；当日涨幅 +9.99%，短线强度已确认；量价活跃，成交额/成交量约为5日均值 1.76/1.71 倍；流动性分位 99.4，承接能力较好；tech_score 94.7，指标表现靠前,"{""stk_liquidity_percentile"": 99.36432982201235, ""stk_new_high_20d"": 88.23529411764706, ""tech_score"": 94.69020735294119}"
20260529,002428,云南锗业,指标筛选/default,BUY,95.2902,0.0,2400,0.0,0.0,0,False,,False,False,20260529,buy,2,94.7821,综合评分 94.8，候选排名第 2；当日涨幅 +10.00%，短线强度已确认；流动性分位 99.3，承接能力较好；tech_score 94.7，指标表现靠前；通过市场、流动性、强度、量能、趋势过滤,"{""stk_liquidity_percentile"": 99.27351979658555, ""stk_new_high_20d"": 88.23529411764706, ""tech_score"": 94.70588235294119}"
20260529,000636,风华高科,指标筛选/default,BUY,51.92364,0.0,4500,0.0,0.0,0,False,,False,False,20260529,buy,3,94.7486,综合评分 94.7，候选排名第 3；当日涨幅 +10.00%，短线强度已确认；量价活跃，成交额/成交量约为5日均值 1.39/1.18 倍；流动性分位 99.2，承接能力较好；tech_score 94.7，指标表现靠前,"{""stk_liquidity_percentile"": 99.18270977115874, ""stk_new_high_20d"": 88.23529411764706, ""tech_score"": 94.69350735294117}"
20260601,002463,沪电股份,指标筛选/default,SELL,121.26204,122.26498000000001,1700,1372.9487538000103,0.006658099283085863,5,False,,False,True,20260525,trailing_stop,2,94.8746,综合评分 94.9，候选排名第 2；当日涨幅 +10.00%，短线强度已确认；量价活跃，成交额/成交量约为5日均值 1.86/1.73 倍；流动性分位 99.6，承接能力较好；tech_score 94.7，指标表现靠前,"{""stk_liquidity_percentile"": 99.58212209302324, ""stk_new_high_20d"": 88.23529411764706, ""tech_score"": 94.70588235294119}"
20260601,600183,生益科技,指标筛选/default,SELL,114.228,135.35873999999998,1800,37656.90942839996,0.18309198242733274,5,False,,False,True,20260525,trailing_stop,3,94.7765,综合评分 94.8，候选排名第 3；当日涨幅 +10.00%，短线强度已确认；流动性分位 99.3，承接能力较好；tech_score 94.7，指标表现靠前；通过市场、流动性、强度、量能、趋势过滤,"{""stk_liquidity_percentile"": 99.25508720930233, ""stk_new_high_20d"": 88.23529411764706, ""tech_score"": 94.70588235294119}"
20260601,600396,华电辽能,指标筛选/default,SELL,19.539,18.463,11800,-13049.19047999999,-0.056580784094266534,2,False,,True,False,20260528,stop_loss,1,94.3625,综合评分 94.4，候选排名第 1；当日涨幅 +10.01%，短线强度已确认；流动性分位 97.9，承接能力较好；tech_score 94.7，指标表现靠前；通过市场、流动性、强度、量能、趋势过滤,"{""stk_liquidity_percentile"": 97.87504540501271, ""stk_new_high_20d"": 88.23529411764706, ""tech_score"": 94.70588235294119}"
20260601,000063,中兴通讯,指标筛选/default,SELL,38.577,35.0298,6100,-21986.302224000014,-0.09340360501694743,1,False,,True,False,20260529,stop_loss,1,94.8015,综合评分 94.8，候选排名第 1；当日涨幅 +9.99%，短线强度已确认；量价活跃，成交额/成交量约为5日均值 1.76/1.71 倍；流动性分位 99.4，承接能力较好；tech_score 94.7，指标表现靠前,"{""stk_liquidity_percentile"": 99.36432982201235, ""stk_new_high_20d"": 88.23529411764706, ""tech_score"": 94.69020735294119}"
20260601,002428,云南锗业,指标筛选/default,SELL,95.2902,81.89588,2400,-32470.492089599982,-0.1419381437940844,1,False,,True,False,20260529,stop_loss,2,94.7821,综合评分 94.8，候选排名第 2；当日涨幅 +10.00%，短线强度已确认；流动性分位 99.3，承接能力较好；tech_score 94.7，指标表现靠前；通过市场、流动性、强度、量能、趋势过滤,"{""stk_liquidity_percentile"": 99.27351979658555, ""stk_new_high_20d"": 88.23529411764706, ""tech_score"": 94.70588235294119}"
20260601,600011,华能国际,指标筛选/default,BUY,9.018,0.0,25100,0.0,0.0,0,False,,False,False,20260601,buy,2,94.2481,综合评分 94.2，候选排名第 2；当日涨幅 +10.05%，短线强度已确认；量价活跃，成交额/成交量约为5日均值 2.70/2.43 倍；流动性分位 97.5，承接能力较好；tech_score 94.7，指标表现靠前,"{""stk_liquidity_percentile"": 97.49364329822012, ""stk_new_high_20d"": 88.23529411764706, ""tech_score"": 94.70588235294119}"
20260601,600863,华能蒙电,指标筛选/default,BUY,7.67532,0.0,29500,0.0,0.0,0,False,,False,False,20260601,buy,3,94.2253,综合评分 94.2，候选排名第 3；当日涨幅 +9.94%，短线强度已确认；量价活跃，成交额/成交量约为5日均值 1.55/1.37 倍；流动性分位 97.7，承接能力较好；tech_score 94.5，指标表现靠前,"{""stk_liquidity_percentile"": 97.6934253541591, ""stk_new_high_20d"": 88.23529411764706, ""tech_score"": 94.54033235294118}"
20260602,002081,金螳螂,指标筛选/default,BUY,7.014,0.0,30400,0.0,0.0,0,False,,False,False,20260602,buy,3,94.4172,综合评分 94.4，候选排名第 3；当日涨幅 +10.06%，短线强度已确认；量价活跃，成交额/成交量约为5日均值 2.49/2.18 倍；流动性分位 98.1，承接能力较好；tech_score 94.7，指标表现靠前,"{""stk_liquidity_percentile"": 98.05737109658679, ""stk_new_high_20d"": 88.23529411764706, ""tech_score"": 94.70588235294119}"
20260603,002081,金螳螂,指标筛选/default,SELL,7.014,6.6367,30400,-11796.170063999976,-0.05530589326196142,1,False,,True,False,20260602,stop_loss,3,94.4172,综合评分 94.4，候选排名第 3；当日涨幅 +10.06%，短线强度已确认；量价活跃，成交额/成交量约为5日均值 2.49/2.18 倍；流动性分位 98.1，承接能力较好；tech_score 94.7，指标表现靠前,"{""stk_liquidity_percentile"": 98.05737109658679, ""stk_new_high_20d"": 88.23529411764706, ""tech_score"": 94.70588235294119}"
20260603,002384,东山精密,指标筛选/default,BUY,220.0392,0.0,900,0.0,0.0,0,False,,False,False,20260603,buy,1,94.9782,综合评分 95.0，候选排名第 1；当日涨幅 +10.00%，短线强度已确认；量价活跃，成交额/成交量约为5日均值 1.17/1.22 倍；流动性分位 99.9，承接能力较好；tech_score 94.7，指标表现靠前,"{""stk_liquidity_percentile"": 99.92736517159977, ""stk_new_high_20d"": 88.23529411764706, ""tech_score"": 94.70588235294119}"
20260603,600487,亨通光电,指标筛选/default,BUY,90.18,0.0,2300,0.0,0.0,0,False,,False,False,20260603,buy,2,94.9292,综合评分 94.9，候选排名第 2；当日涨幅 +10.01%，短线强度已确认；流动性分位 99.8，承接能力较好；tech_score 94.7，指标表现靠前；通过市场、流动性、强度、量能、趋势过滤,"{""stk_liquidity_percentile"": 99.7639368076993, ""stk_new_high_20d"": 88.23529411764706, ""tech_score"": 94.70588235294119}"
20260603,600105,永鼎股份,指标筛选/default,BUY,51.102,0.0,4200,0.0,0.0,0,False,,False,False,20260603,buy,3,94.839,综合评分 94.8，候选排名第 3；当日涨幅 +10.00%，短线强度已确认；流动性分位 99.5，承接能力较好；tech_score 94.7，指标表现靠前；通过市场、流动性、强度、量能、趋势过滤,"{""stk_liquidity_percentile"": 99.47339749409842, ""stk_new_high_20d"": 88.23529411764706, ""tech_score"": 94.69983235294117}"
20260604,600011,华能国际,指标筛选/default,SELL,9.018,8.7325,25100,-7518.897015000024,-0.033207785502007515,3,False,,False,False,20260601,time_stop,2,94.2481,综合评分 94.2，候选排名第 2；当日涨幅 +10.05%，短线强度已确认；量价活跃，成交额/成交量约为5日均值 2.70/2.43 倍；流动性分位 97.5，承接能力较好；tech_score 94.7，指标表现靠前,"{""stk_liquidity_percentile"": 97.49364329822012, ""stk_new_high_20d"": 88.23529411764706, ""tech_score"": 94.70588235294119}"
20260604,600863,华能蒙电,指标筛选/default,SELL,7.67532,6.8662399999999995,29500,-24199.106885999994,-0.10684410411464823,3,False,,True,False,20260601,stop_loss,3,94.2253,综合评分 94.2，候选排名第 3；当日涨幅 +9.94%，短线强度已确认；量价活跃，成交额/成交量约为5日均值 1.55/1.37 倍；流动性分位 97.7，承接能力较好；tech_score 94.5，指标表现靠前,"{""stk_liquidity_percentile"": 97.6934253541591, ""stk_new_high_20d"": 88.23529411764706, ""tech_score"": 94.54033235294118}"
20260605,002384,东山精密,指标筛选/default,SELL,220.0392,220.96717999999998,900,517.2398154000111,0.002611073592508432,2,False,,False,True,20260603,trailing_stop,1,94.9782,综合评分 95.0，候选排名第 1；当日涨幅 +10.00%，短线强度已确认；量价活跃，成交额/成交量约为5日均值 1.17/1.22 倍；流动性分位 99.9，承接能力较好；tech_score 94.7，指标表现靠前,"{""stk_liquidity_percentile"": 99.92736517159977, ""stk_new_high_20d"": 88.23529411764706, ""tech_score"": 94.70588235294119}"
20260605,605358,立昂微,指标筛选/default,BUY,65.01978,0.0,3300,0.0,0.0,0,False,,False,False,20260605,buy,3,94.6952,综合评分 94.7，候选排名第 3；当日涨幅 +10.00%，短线强度已确认；量价活跃，成交额/成交量约为5日均值 1.38/1.28 倍；流动性分位 99.0，承接能力较好；tech_score 94.7，指标表现靠前,"{""stk_liquidity_percentile"": 98.98385048085647, ""stk_new_high_20d"": 88.23529411764706, ""tech_score"": 94.70588235294119}"
20260608,000636,风华高科,指标筛选/default,SELL,51.92364,55.41894,4500,15334.552286999999,0.06560896518644042,6,False,,False,True,20260529,trailing_stop,3,94.7486,综合评分 94.7，候选排名第 3；当日涨幅 +10.00%，短线强度已确认；量价活跃，成交额/成交量约为5日均值 1.39/1.18 倍；流动性分位 99.2，承接能力较好；tech_score 94.7，指标表现靠前,"{""stk_liquidity_percentile"": 99.18270977115874, ""stk_new_high_20d"": 88.23529411764706, ""tech_score"": 94.69350735294117}"
20260608,600105,永鼎股份,指标筛选/default,SELL,51.102,52.894,4200,7173.210239999986,0.03341150995079537,3,False,,False,True,20260603,trailing_stop,3,94.839,综合评分 94.8，候选排名第 3；当日涨幅 +10.00%，短线强度已确认；流动性分位 99.5，承接能力较好；tech_score 94.7，指标表现靠前；通过市场、流动性、强度、量能、趋势过滤,"{""stk_liquidity_percentile"": 99.47339749409842, ""stk_new_high_20d"": 88.23529411764706, ""tech_score"": 94.69983235294117}"
20260609,002747,埃斯顿,指标筛选/default,BUY,36.08202,0.0,5800,0.0,0.0,0,False,,False,False,20260609,buy,2,94.3276,综合评分 94.3，候选排名第 2；当日涨幅 +9.99%，短线强度已确认；量价活跃，成交额/成交量约为5日均值 1.60/1.42 倍；流动性分位 97.8，承接能力较好；tech_score 94.7，指标表现靠前,"{""stk_liquidity_percentile"": 97.78785131459655, ""stk_new_high_20d"": 88.23529411764706, ""tech_score"": 94.68828235294117}"
20260609,603186,华正新材,指标筛选/default,BUY,143.286,0.0,1400,0.0,0.0,0,False,,False,False,20260609,buy,3,94.2276,综合评分 94.2，候选排名第 3；当日涨幅 +10.00%，短线强度已确认；量价活跃，成交额/成交量约为5日均值 1.76/1.63 倍；流动性分位 97.4，承接能力较好；tech_score 94.7，指标表现靠前,"{""stk_liquidity_percentile"": 97.42520398912058, ""stk_new_high_20d"": 88.23529411764706, ""tech_score"": 94.70588235294119}"
20260610,002747,埃斯顿,指标筛选/default,SELL,36.08202,35.7284,5800,-2383.170850800001,-0.011384293216159927,1,False,,False,True,20260609,trailing_stop,2,94.3276,综合评分 94.3，候选排名第 2；当日涨幅 +9.99%，短线强度已确认；量价活跃，成交额/成交量约为5日均值 1.60/1.42 倍；流动性分位 97.8，承接能力较好；tech_score 94.7，指标表现靠前,"{""stk_liquidity_percentile"": 97.78785131459655, ""stk_new_high_20d"": 88.23529411764706, ""tech_score"": 94.68828235294117}"
20260611,002409,雅克科技,指标筛选/default,BUY,126.47244,0.0,1700,0.0,0.0,0,False,,False,False,20260611,buy,1,94.3837,综合评分 94.4，候选排名第 1；当日涨幅 +10.00%，短线强度已确认；量价活跃，成交额/成交量约为5日均值 1.42/1.37 倍；流动性分位 97.9，承接能力较好；tech_score 94.7，指标表现靠前,"{""stk_liquidity_percentile"": 97.9499274310595, ""stk_new_high_20d"": 88.23529411764706, ""tech_score"": 94.70340735294118}"
20260611,603002,宏昌电子,指标筛选/default,BUY,18.3867,0.0,12000,0.0,0.0,0,False,,False,False,20260611,buy,2,94.3306,综合评分 94.3，候选排名第 2；当日涨幅 +10.01%，短线强度已确认；量价活跃，成交额/成交量约为5日均值 2.69/2.50 倍；流动性分位 97.8，承接能力较好；tech_score 94.7，指标表现靠前,"{""stk_liquidity_percentile"": 97.76850507982583, ""stk_new_high_20d"": 88.23529411764706, ""tech_score"": 94.70588235294119}"
20260611,600206,有研新材,指标筛选/default,BUY,32.49486,0.0,6800,0.0,0.0,0,False,,False,False,20260611,buy,3,94.3095,综合评分 94.3，候选排名第 3；当日涨幅 +10.00%，短线强度已确认；量价活跃，成交额/成交量约为5日均值 1.98/1.85 倍；流动性分位 97.7，承接能力较好；tech_score 94.7，指标表现靠前,"{""stk_liquidity_percentile"": 97.71407837445574, ""stk_new_high_20d"": 88.23529411764706, ""tech_score"": 94.69653235294118}"
20260612,600487,亨通光电,指标筛选/default,SELL,90.18,96.806,2300,14888.125859999971,0.07175822635777448,7,False,,False,True,20260603,trailing_stop,2,94.9292,综合评分 94.9，候选排名第 2；当日涨幅 +10.01%，短线强度已确认；流动性分位 99.8，承接能力较好；tech_score 94.7，指标表现靠前；通过市场、流动性、强度、量能、趋势过滤,"{""stk_liquidity_percentile"": 99.7639368076993, ""stk_new_high_20d"": 88.23529411764706, ""tech_score"": 94.70588235294119}"
20260612,605358,立昂微,指标筛选/default,SELL,65.01978,65.9678,3300,2781.094555800024,0.012957644197619448,5,False,,False,True,20260605,trailing_stop,3,94.6952,综合评分 94.7，候选排名第 3；当日涨幅 +10.00%，短线强度已确认；量价活跃，成交额/成交量约为5日均值 1.38/1.28 倍；流动性分位 99.0，承接能力较好；tech_score 94.7，指标表现靠前,"{""stk_liquidity_percentile"": 98.98385048085647, ""stk_new_high_20d"": 88.23529411764706, ""tech_score"": 94.70588235294119}"
20260612,603186,华正新材,指标筛选/default,SELL,143.286,169.95940000000002,1400,36973.253772000025,0.1842576840448139,3,False,,False,True,20260609,trailing_stop,3,94.2276,综合评分 94.2，候选排名第 3；当日涨幅 +10.00%，短线强度已确认；量价活跃，成交额/成交量约为5日均值 1.76/1.63 倍；流动性分位 97.4，承接能力较好；tech_score 94.7，指标表现靠前,"{""stk_liquidity_percentile"": 97.42520398912058, ""stk_new_high_20d"": 88.23529411764706, ""tech_score"": 94.70588235294119}"
20260612,603002,宏昌电子,指标筛选/default,SELL,18.3867,17.39514,12000,-12236.276303999999,-0.05544137212425007,1,False,,True,False,20260611,stop_loss,2,94.3306,综合评分 94.3，候选排名第 2；当日涨幅 +10.01%，短线强度已确认；量价活跃，成交额/成交量约为5日均值 2.69/2.50 倍；流动性分位 97.8，承接能力较好；tech_score 94.7，指标表现靠前,"{""stk_liquidity_percentile"": 97.76850507982583, ""stk_new_high_20d"": 88.23529411764706, ""tech_score"": 94.70588235294119}"
20260612,600206,有研新材,指标筛选/default,SELL,32.49486,32.92402,6800,2560.9501487999514,0.011586366791238856,1,False,,False,True,20260611,trailing_stop,3,94.3095,综合评分 94.3，候选排名第 3；当日涨幅 +10.00%，短线强度已确认；量价活跃，成交额/成交量约为5日均值 1.98/1.85 倍；流动性分位 97.7，承接能力较好；tech_score 94.7，指标表现靠前,"{""stk_liquidity_percentile"": 97.71407837445574, ""stk_new_high_20d"": 88.23529411764706, ""tech_score"": 94.69653235294118}"
20260612,002428,云南锗业,指标筛选/default,BUY,89.679,0.0,2400,0.0,0.0,0,False,,False,False,20260612,buy,1,94.9258,综合评分 94.9，候选排名第 1；当日涨幅 +10.00%，短线强度已确认；量价活跃，成交额/成交量约为5日均值 1.94/1.89 倍；流动性分位 99.8，承接能力较好；tech_score 94.7，指标表现靠前,"{""stk_liquidity_percentile"": 99.76410814734167, ""stk_new_high_20d"": 88.23529411764706, ""tech_score"": 94.69900735294118}"
20260615,603993,洛阳钼业,指标筛选/default,BUY,19.528979999999997,0.0,11000,0.0,0.0,0,False,,False,False,20260615,buy,1,94.7333,综合评分 94.7，候选排名第 1；当日涨幅 +10.02%，短线强度已确认；量价活跃，成交额/成交量约为5日均值 1.97/1.81 倍；流动性分位 99.1，承接能力较好；tech_score 94.7，指标表现靠前,"{""stk_liquidity_percentile"": 99.11103047895502, ""stk_new_high_20d"": 88.23529411764706, ""tech_score"": 94.70588235294119}"
20260615,600601,方正科技,指标筛选/default,BUY,12.9258,0.0,16700,0.0,0.0,0,False,,False,False,20260615,buy,3,94.3615,综合评分 94.4，候选排名第 3；当日涨幅 +9.98%，短线强度已确认；量价活跃，成交额/成交量约为5日均值 2.11/2.04 倍；流动性分位 97.9，承接能力较好；tech_score 94.7，指标表现靠前,"{""stk_liquidity_percentile"": 97.9499274310595, ""stk_new_high_20d"": 88.23529411764706, ""tech_score"": 94.65885735294118}"
20260616,002384,东山精密,指标筛选/default,BUY,244.488,0.0,900,0.0,0.0,0,False,,False,False,20260616,buy,1,94.9728,综合评分 95.0，候选排名第 1；当日涨幅 +10.00%，短线强度已确认；量价活跃，成交额/成交量约为5日均值 1.28/1.20 倍；流动性分位 99.9，承接能力较好；tech_score 94.7，指标表现靠前,"{""stk_liquidity_percentile"": 99.90922294843864, ""stk_new_high_20d"": 88.23529411764706, ""tech_score"": 94.70588235294119}"
20260616,002281,光迅科技,指标筛选/default,BUY,233.967,0.0,900,0.0,0.0,0,False,,False,False,20260616,buy,2,94.9292,综合评分 94.9，候选排名第 2；当日涨幅 +10.00%，短线强度已确认；量价活跃，成交额/成交量约为5日均值 1.28/1.22 倍；流动性分位 99.8，承接能力较好；tech_score 94.7，指标表现靠前,"{""stk_liquidity_percentile"": 99.76397966594045, ""stk_new_high_20d"": 88.23529411764706, ""tech_score"": 94.70588235294119}"
20260617,002428,云南锗业,指标筛选/default,SELL,89.679,99.06148,2400,22144.31130239999,0.10285606627248096,3,False,,False,True,20260612,trailing_stop,1,94.9258,综合评分 94.9，候选排名第 1；当日涨幅 +10.00%，短线强度已确认；量价活跃，成交额/成交量约为5日均值 1.94/1.89 倍；流动性分位 99.8，承接能力较好；tech_score 94.7，指标表现靠前,"{""stk_liquidity_percentile"": 99.76410814734167, ""stk_new_high_20d"": 88.23529411764706, ""tech_score"": 94.69900735294118}"
20260617,002436,兴森科技,指标筛选/default,BUY,45.10002,0.0,5000,0.0,0.0,0,False,,False,False,20260617,buy,1,94.7714,综合评分 94.8，候选排名第 1；当日涨幅 +10.00%，短线强度已确认；量价活跃，成交额/成交量约为5日均值 1.49/1.31 倍；流动性分位 99.2，承接能力较好；tech_score 94.7，指标表现靠前,"{""stk_liquidity_percentile"": 99.23816433883547, ""stk_new_high_20d"": 88.23529411764706, ""tech_score"": 94.70588235294119}"
20260623,603993,洛阳钼业,指标筛选/default,SELL,19.528979999999997,19.45102,11000,-1200.155219999957,-0.00558515080206457,5,False,,False,True,20260615,trailing_stop,1,94.7333,综合评分 94.7，候选排名第 1；当日涨幅 +10.02%，短线强度已确认；量价活跃，成交额/成交量约为5日均值 1.97/1.81 倍；流动性分位 99.1，承接能力较好；tech_score 94.7，指标表现靠前,"{""stk_liquidity_percentile"": 99.11103047895502, ""stk_new_high_20d"": 88.23529411764706, ""tech_score"": 94.70588235294119}"
20260623,600601,方正科技,指标筛选/default,SELL,12.9258,13.40314,16700,7615.837572599994,0.035270653079710834,5,False,,False,True,20260615,trailing_stop,3,94.3615,综合评分 94.4，候选排名第 3；当日涨幅 +9.98%，短线强度已确认；量价活跃，成交额/成交量约为5日均值 2.11/2.04 倍；流动性分位 97.9，承接能力较好；tech_score 94.7，指标表现靠前,"{""stk_liquidity_percentile"": 97.9499274310595, ""stk_new_high_20d"": 88.23529411764706, ""tech_score"": 94.65885735294118}"
20260623,002384,东山精密,指标筛选/default,SELL,244.488,254.50996,900,8655.975586799992,0.03932653623957964,4,False,,False,True,20260616,trailing_stop,1,94.9728,综合评分 95.0，候选排名第 1；当日涨幅 +10.00%，短线强度已确认；量价活跃，成交额/成交量约为5日均值 1.28/1.20 倍；流动性分位 99.9，承接能力较好；tech_score 94.7，指标表现靠前,"{""stk_liquidity_percentile"": 99.90922294843864, ""stk_new_high_20d"": 88.23529411764706, ""tech_score"": 94.70588235294119}"
20260623,002436,兴森科技,指标筛选/default,SELL,45.10002,48.403,5000,16132.630470000004,0.07152011077760186,3,False,,False,True,20260617,trailing_stop,1,94.7714,综合评分 94.8，候选排名第 1；当日涨幅 +10.00%，短线强度已确认；量价活跃，成交额/成交量约为5日均值 1.49/1.31 倍；流动性分位 99.2，承接能力较好；tech_score 94.7，指标表现靠前,"{""stk_liquidity_percentile"": 99.23816433883547, ""stk_new_high_20d"": 88.23529411764706, ""tech_score"": 94.70588235294119}"
20260623,600584,长电科技,指标筛选/default,BUY,92.14392,0.0,2700,0.0,0.0,0,False,,False,False,20260623,buy,1,94.9352,综合评分 94.9，候选排名第 1；当日接近10cm涨停，涨幅 +10.00%；量价活跃，成交额/成交量约为5日均值 1.33/1.17 倍；流动性分位 99.8，承接能力较好；tech_score 94.7，指标表现靠前,"{""stk_liquidity_percentile"": 99.80036297640653, ""stk_new_high_20d"": 88.23529411764706, ""tech_score"": 94.69598235294117}"
20260623,600549,厦门钨业,指标筛选/default,BUY,97.0437,0.0,2500,0.0,0.0,0,False,,False,False,20260623,buy,2,94.737,综合评分 94.7，候选排名第 2；当日接近10cm涨停，涨幅 +10.00%；量能未明显放大，成交额/成交量约为5日均值 1.01/0.82 倍；流动性分位 99.1，承接能力较好；tech_score 94.7，指标表现靠前,"{""stk_liquidity_percentile"": 99.12885662431941, ""stk_new_high_20d"": 88.23529411764706, ""tech_score"": 94.70258235294118}"
20260623,000657,中钨高新,指标筛选/default,BUY,114.21798,0.0,2100,0.0,0.0,0,False,,False,False,20260623,buy,3,94.6897,综合评分 94.7，候选排名第 3；当日接近10cm涨停，涨幅 +10.00%；量能未明显放大，成交额/成交量约为5日均值 0.85/0.69 倍；流动性分位 99.0，承接能力较好；tech_score 94.7，指标表现靠前,"{""stk_liquidity_percentile"": 98.9655172413793, ""stk_new_high_20d"": 88.23529411764706, ""tech_score"": 94.70588235294119}"
20260624,600549,厦门钨业,指标筛选/default,SELL,97.0437,82.86394,2500,-35791.49057999998,-0.14748306733190947,1,False,,True,False,20260623,stop_loss,2,94.737,综合评分 94.7，候选排名第 2；当日接近10cm涨停，涨幅 +10.00%；量能未明显放大，成交额/成交量约为5日均值 1.01/0.82 倍；流动性分位 99.1，承接能力较好；tech_score 94.7，指标表现靠前,"{""stk_liquidity_percentile"": 99.12885662431941, ""stk_new_high_20d"": 88.23529411764706, ""tech_score"": 94.70258235294118}"
20260624,000657,中钨高新,指标筛选/default,SELL,114.21798,99.87984,2100,-30454.723290600028,-0.12693185272629753,1,False,,True,False,20260623,stop_loss,3,94.6897,综合评分 94.7，候选排名第 3；当日接近10cm涨停，涨幅 +10.00%；量能未明显放大，成交额/成交量约为5日均值 0.85/0.69 倍；流动性分位 99.0，承接能力较好；tech_score 94.7，指标表现靠前,"{""stk_liquidity_percentile"": 98.9655172413793, ""stk_new_high_20d"": 88.23529411764706, ""tech_score"": 94.70588235294119}"
20260625,603986,兆易创新,指标筛选/default,BUY,741.48,0.0,300,0.0,0.0,0,False,,False,False,20260625,buy,1,95.0,综合评分 95.0，候选排名第 1；当日接近10cm涨停，涨幅 +10.00%；量价活跃，成交额/成交量约为5日均值 1.21/1.11 倍；流动性分位 100.0，承接能力较好；tech_score 94.7，指标表现靠前,"{""stk_liquidity_percentile"": 100.0, ""stk_new_high_20d"": 88.23529411764706, ""tech_score"": 94.70588235294119}"
20260625,002428,云南锗业,指标筛选/default,BUY,124.7991,0.0,1800,0.0,0.0,0,False,,False,False,20260625,buy,3,94.8966,综合评分 94.9，候选排名第 3；当日接近10cm涨停，涨幅 +10.00%；量价活跃，成交额/成交量约为5日均值 1.34/1.20 倍；流动性分位 99.7，承接能力较好；tech_score 94.7，指标表现靠前,"{""stk_liquidity_percentile"": 99.65529753265602, ""stk_new_high_20d"": 88.23529411764706, ""tech_score"": 94.70588235294119}"
20260626,002281,光迅科技,指标筛选/default,SELL,233.967,239.85932,900,4959.281505599996,0.02354460323867987,7,False,,False,True,20260616,trailing_stop,2,94.9292,综合评分 94.9，候选排名第 2；当日涨幅 +10.00%，短线强度已确认；量价活跃，成交额/成交量约为5日均值 1.28/1.22 倍；流动性分位 99.8，承接能力较好；tech_score 94.7，指标表现靠前,"{""stk_liquidity_percentile"": 99.76397966594045, ""stk_new_high_20d"": 88.23529411764706, ""tech_score"": 94.70588235294119}"
