ts_code,name,con_name,con_code,trade_date,desc,hot_num
000184.KP,中字头概念,中国科传,601858.SH,20251027,公司的最终控制人为国资委，主要业务包括图书出版、期刊业务、出版物进出口和知识服务,377
000279.KP,并购重组预期概念,中国科传,601858.SH,20251027,实控人中国科学院控股有限公司持有中国科技出版传媒股份有限公司股份比例74.40%,377
000214.KP,版权,中国科传,601858.SH,20251027,公司是目前国内拥有科技图书和期刊内容资源最多的出版单位之一。,377
000214.KP,版权,中国科传,601858.SH,20251026,公司是目前国内拥有科技图书和期刊内容资源最多的出版单位之一。,851
000184.KP,中字头概念,中国科传,601858.SH,20251026,公司的最终控制人为国资委，主要业务包括图书出版、期刊业务、出版物进出口和知识服务,851
000279.KP,并购重组预期概念,中国科传,601858.SH,20251026,实控人中国科学院控股有限公司持有中国科技出版传媒股份有限公司股份比例74.40%,851
000214.KP,版权,中国科传,601858.SH,20251025,公司是目前国内拥有科技图书和期刊内容资源最多的出版单位之一。,618
000279.KP,并购重组预期概念,中国科传,601858.SH,20251025,实控人中国科学院控股有限公司持有中国科技出版传媒股份有限公司股份比例74.40%,618
000184.KP,中字头概念,中国科传,601858.SH,20251025,公司的最终控制人为国资委，主要业务包括图书出版、期刊业务、出版物进出口和知识服务,618
000279.KP,并购重组预期概念,中国科传,601858.SH,20251024,实控人中国科学院控股有限公司持有中国科技出版传媒股份有限公司股份比例74.40%,356
000184.KP,中字头概念,中国科传,601858.SH,20251024,公司的最终控制人为国资委，主要业务包括图书出版、期刊业务、出版物进出口和知识服务,356
000214.KP,版权,中国科传,601858.SH,20251024,公司是目前国内拥有科技图书和期刊内容资源最多的出版单位之一。,356
000214.KP,版权,中国科传,601858.SH,20251023,公司是目前国内拥有科技图书和期刊内容资源最多的出版单位之一。,386
000279.KP,并购重组预期概念,中国科传,601858.SH,20251023,实控人中国科学院控股有限公司持有中国科技出版传媒股份有限公司股份比例74.40%,386
000184.KP,中字头概念,中国科传,601858.SH,20251023,公司的最终控制人为国资委，主要业务包括图书出版、期刊业务、出版物进出口和知识服务,386
000279.KP,并购重组预期概念,中国科传,601858.SH,20251022,实控人中国科学院控股有限公司持有中国科技出版传媒股份有限公司股份比例74.40%,363
000214.KP,版权,中国科传,601858.SH,20251022,公司是目前国内拥有科技图书和期刊内容资源最多的出版单位之一。,363
000184.KP,中字头概念,中国科传,601858.SH,20251022,公司的最终控制人为国资委，主要业务包括图书出版、期刊业务、出版物进出口和知识服务,363
000279.KP,并购重组预期概念,中国科传,601858.SH,20251021,实控人中国科学院控股有限公司持有中国科技出版传媒股份有限公司股份比例74.40%,353
000214.KP,版权,中国科传,601858.SH,20251021,公司是目前国内拥有科技图书和期刊内容资源最多的出版单位之一。,353
000184.KP,中字头概念,中国科传,601858.SH,20251021,公司的最终控制人为国资委，主要业务包括图书出版、期刊业务、出版物进出口和知识服务,353
000184.KP,中字头概念,中国科传,601858.SH,20251020,公司的最终控制人为国资委，主要业务包括图书出版、期刊业务、出版物进出口和知识服务,388
000279.KP,并购重组预期概念,中国科传,601858.SH,20251020,实控人中国科学院控股有限公司持有中国科技出版传媒股份有限公司股份比例74.40%,388
000214.KP,版权,中国科传,601858.SH,20251020,公司是目前国内拥有科技图书和期刊内容资源最多的出版单位之一。,388
000279.KP,并购重组预期概念,中国科传,601858.SH,20251019,实控人中国科学院控股有限公司持有中国科技出版传媒股份有限公司股份比例74.40%,979
000214.KP,版权,中国科传,601858.SH,20251019,公司是目前国内拥有科技图书和期刊内容资源最多的出版单位之一。,979
000184.KP,中字头概念,中国科传,601858.SH,20251019,公司的最终控制人为国资委，主要业务包括图书出版、期刊业务、出版物进出口和知识服务,979
000279.KP,并购重组预期概念,中国科传,601858.SH,20251018,实控人中国科学院控股有限公司持有中国科技出版传媒股份有限公司股份比例74.40%,715
000184.KP,中字头概念,中国科传,601858.SH,20251018,公司的最终控制人为国资委，主要业务包括图书出版、期刊业务、出版物进出口和知识服务,715
000214.KP,版权,中国科传,601858.SH,20251018,公司是目前国内拥有科技图书和期刊内容资源最多的出版单位之一。,715
000279.KP,并购重组预期概念,中国科传,601858.SH,20251017,实控人中国科学院控股有限公司持有中国科技出版传媒股份有限公司股份比例74.40%,375
000214.KP,版权,中国科传,601858.SH,20251017,公司是目前国内拥有科技图书和期刊内容资源最多的出版单位之一。,375
000184.KP,中字头概念,中国科传,601858.SH,20251017,公司的最终控制人为国资委，主要业务包括图书出版、期刊业务、出版物进出口和知识服务,375
000279.KP,并购重组预期概念,中国科传,601858.SH,20251016,实控人中国科学院控股有限公司持有中国科技出版传媒股份有限公司股份比例74.40%,387
000214.KP,版权,中国科传,601858.SH,20251016,公司是目前国内拥有科技图书和期刊内容资源最多的出版单位之一。,387
000184.KP,中字头概念,中国科传,601858.SH,20251016,公司的最终控制人为国资委，主要业务包括图书出版、期刊业务、出版物进出口和知识服务,387
000214.KP,版权,中国科传,601858.SH,20251015,公司是目前国内拥有科技图书和期刊内容资源最多的出版单位之一。,388
000279.KP,并购重组预期概念,中国科传,601858.SH,20251015,实控人中国科学院控股有限公司持有中国科技出版传媒股份有限公司股份比例74.40%,388
000184.KP,中字头概念,中国科传,601858.SH,20251015,公司的最终控制人为国资委，主要业务包括图书出版、期刊业务、出版物进出口和知识服务,388
000279.KP,并购重组预期概念,中国科传,601858.SH,20251014,实控人中国科学院控股有限公司持有中国科技出版传媒股份有限公司股份比例74.40%,391
000184.KP,中字头概念,中国科传,601858.SH,20251014,公司的最终控制人为国资委，主要业务包括图书出版、期刊业务、出版物进出口和知识服务,391
000214.KP,版权,中国科传,601858.SH,20251014,公司是目前国内拥有科技图书和期刊内容资源最多的出版单位之一。,391
000214.KP,版权,中国科传,601858.SH,20251013,公司是目前国内拥有科技图书和期刊内容资源最多的出版单位之一。,431
000279.KP,并购重组预期概念,中国科传,601858.SH,20251013,实控人中国科学院控股有限公司持有中国科技出版传媒股份有限公司股份比例74.40%,431
000184.KP,中字头概念,中国科传,601858.SH,20251013,公司的最终控制人为国资委，主要业务包括图书出版、期刊业务、出版物进出口和知识服务,431
000279.KP,并购重组预期概念,中国科传,601858.SH,20251012,实控人中国科学院控股有限公司持有中国科技出版传媒股份有限公司股份比例74.40%,1051
000184.KP,中字头概念,中国科传,601858.SH,20251012,公司的最终控制人为国资委，主要业务包括图书出版、期刊业务、出版物进出口和知识服务,1051
000214.KP,版权,中国科传,601858.SH,20251012,公司是目前国内拥有科技图书和期刊内容资源最多的出版单位之一。,1051
000214.KP,版权,中国科传,601858.SH,20251011,公司是目前国内拥有科技图书和期刊内容资源最多的出版单位之一。,688
000184.KP,中字头概念,中国科传,601858.SH,20251011,公司的最终控制人为国资委，主要业务包括图书出版、期刊业务、出版物进出口和知识服务,688
000279.KP,并购重组预期概念,中国科传,601858.SH,20251011,实控人中国科学院控股有限公司持有中国科技出版传媒股份有限公司股份比例74.40%,688
000279.KP,并购重组预期概念,中国科传,601858.SH,20251010,实控人中国科学院控股有限公司持有中国科技出版传媒股份有限公司股份比例74.40%,387
000214.KP,版权,中国科传,601858.SH,20251010,公司是目前国内拥有科技图书和期刊内容资源最多的出版单位之一。,387
000184.KP,中字头概念,中国科传,601858.SH,20251010,公司的最终控制人为国资委，主要业务包括图书出版、期刊业务、出版物进出口和知识服务,387
000184.KP,中字头概念,中国科传,601858.SH,20251009,公司的最终控制人为国资委，主要业务包括图书出版、期刊业务、出版物进出口和知识服务,457
000214.KP,版权,中国科传,601858.SH,20251009,公司是目前国内拥有科技图书和期刊内容资源最多的出版单位之一。,457
000279.KP,并购重组预期概念,中国科传,601858.SH,20251009,实控人中国科学院控股有限公司持有中国科技出版传媒股份有限公司股份比例74.40%,457
000279.KP,并购重组预期概念,中国科传,601858.SH,20251008,实控人中国科学院控股有限公司持有中国科技出版传媒股份有限公司股份比例74.40%,2960
000184.KP,中字头概念,中国科传,601858.SH,20251008,公司的最终控制人为国资委，主要业务包括图书出版、期刊业务、出版物进出口和知识服务,2960
000214.KP,版权,中国科传,601858.SH,20251008,公司是目前国内拥有科技图书和期刊内容资源最多的出版单位之一。,2960
000214.KP,版权,中国科传,601858.SH,20251007,公司是目前国内拥有科技图书和期刊内容资源最多的出版单位之一。,2191
000184.KP,中字头概念,中国科传,601858.SH,20251007,公司的最终控制人为国资委，主要业务包括图书出版、期刊业务、出版物进出口和知识服务,2191
000279.KP,并购重组预期概念,中国科传,601858.SH,20251007,实控人中国科学院控股有限公司持有中国科技出版传媒股份有限公司股份比例74.40%,2191
000279.KP,并购重组预期概念,中国科传,601858.SH,20251006,实控人中国科学院控股有限公司持有中国科技出版传媒股份有限公司股份比例74.40%,2015
000184.KP,中字头概念,中国科传,601858.SH,20251006,公司的最终控制人为国资委，主要业务包括图书出版、期刊业务、出版物进出口和知识服务,2015
000214.KP,版权,中国科传,601858.SH,20251006,公司是目前国内拥有科技图书和期刊内容资源最多的出版单位之一。,2015
000214.KP,版权,中国科传,601858.SH,20251005,公司是目前国内拥有科技图书和期刊内容资源最多的出版单位之一。,2140
000184.KP,中字头概念,中国科传,601858.SH,20251005,公司的最终控制人为国资委，主要业务包括图书出版、期刊业务、出版物进出口和知识服务,2140
000279.KP,并购重组预期概念,中国科传,601858.SH,20251005,实控人中国科学院控股有限公司持有中国科技出版传媒股份有限公司股份比例74.40%,2140
000214.KP,版权,中国科传,601858.SH,20251004,公司是目前国内拥有科技图书和期刊内容资源最多的出版单位之一。,1602
000279.KP,并购重组预期概念,中国科传,601858.SH,20251004,实控人中国科学院控股有限公司持有中国科技出版传媒股份有限公司股份比例74.40%,1602
000184.KP,中字头概念,中国科传,601858.SH,20251004,公司的最终控制人为国资委，主要业务包括图书出版、期刊业务、出版物进出口和知识服务,1602
000214.KP,版权,中国科传,601858.SH,20251003,公司是目前国内拥有科技图书和期刊内容资源最多的出版单位之一。,1135
000184.KP,中字头概念,中国科传,601858.SH,20251003,公司的最终控制人为国资委，主要业务包括图书出版、期刊业务、出版物进出口和知识服务,1135
000279.KP,并购重组预期概念,中国科传,601858.SH,20251003,实控人中国科学院控股有限公司持有中国科技出版传媒股份有限公司股份比例74.40%,1135
000279.KP,并购重组预期概念,中国科传,601858.SH,20251002,实控人中国科学院控股有限公司持有中国科技出版传媒股份有限公司股份比例74.40%,887
000214.KP,版权,中国科传,601858.SH,20251002,公司是目前国内拥有科技图书和期刊内容资源最多的出版单位之一。,887
000184.KP,中字头概念,中国科传,601858.SH,20251002,公司的最终控制人为国资委，主要业务包括图书出版、期刊业务、出版物进出口和知识服务,887
000214.KP,版权,中国科传,601858.SH,20251001,公司是目前国内拥有科技图书和期刊内容资源最多的出版单位之一。,631
000184.KP,中字头概念,中国科传,601858.SH,20251001,公司的最终控制人为国资委，主要业务包括图书出版、期刊业务、出版物进出口和知识服务,631
000279.KP,并购重组预期概念,中国科传,601858.SH,20251001,实控人中国科学院控股有限公司持有中国科技出版传媒股份有限公司股份比例74.40%,631
000184.KP,中字头概念,中国科传,601858.SH,20250930,公司的最终控制人为国资委，主要业务包括图书出版、期刊业务、出版物进出口和知识服务,375
000214.KP,版权,中国科传,601858.SH,20250930,公司是目前国内拥有科技图书和期刊内容资源最多的出版单位之一。,375
000279.KP,并购重组预期概念,中国科传,601858.SH,20250930,实控人中国科学院控股有限公司持有中国科技出版传媒股份有限公司股份比例74.40%,375
000279.KP,并购重组预期概念,中国科传,601858.SH,20250929,实控人中国科学院控股有限公司持有中国科技出版传媒股份有限公司股份比例74.40%,384
000184.KP,中字头概念,中国科传,601858.SH,20250929,公司的最终控制人为国资委，主要业务包括图书出版、期刊业务、出版物进出口和知识服务,384
000214.KP,版权,中国科传,601858.SH,20250929,公司是目前国内拥有科技图书和期刊内容资源最多的出版单位之一。,384
000279.KP,并购重组预期概念,中国科传,601858.SH,20250928,实控人中国科学院控股有限公司持有中国科技出版传媒股份有限公司股份比例74.40%,1109
000184.KP,中字头概念,中国科传,601858.SH,20250928,公司的最终控制人为国资委，主要业务包括图书出版、期刊业务、出版物进出口和知识服务,1109
000214.KP,版权,中国科传,601858.SH,20250928,公司是目前国内拥有科技图书和期刊内容资源最多的出版单位之一。,0
000214.KP,版权,中国科传,601858.SH,20250927,公司是目前国内拥有科技图书和期刊内容资源最多的出版单位之一。,793
000279.KP,并购重组预期概念,中国科传,601858.SH,20250927,实控人中国科学院控股有限公司持有中国科技出版传媒股份有限公司股份比例74.40%,793
000184.KP,中字头概念,中国科传,601858.SH,20250927,公司的最终控制人为国资委，主要业务包括图书出版、期刊业务、出版物进出口和知识服务,793
000279.KP,并购重组预期概念,中国科传,601858.SH,20250926,实控人中国科学院控股有限公司持有中国科技出版传媒股份有限公司股份比例74.40%,410
000214.KP,版权,中国科传,601858.SH,20250926,公司是目前国内拥有科技图书和期刊内容资源最多的出版单位之一。,408
000184.KP,中字头概念,中国科传,601858.SH,20250926,公司的最终控制人为国资委，主要业务包括图书出版、期刊业务、出版物进出口和知识服务,408
000184.KP,中字头概念,中国科传,601858.SH,20250925,公司的最终控制人为国资委，主要业务包括图书出版、期刊业务、出版物进出口和知识服务,415
000279.KP,并购重组预期概念,中国科传,601858.SH,20250925,实控人中国科学院控股有限公司持有中国科技出版传媒股份有限公司股份比例74.40%,405
000214.KP,版权,中国科传,601858.SH,20250925,公司是目前国内拥有科技图书和期刊内容资源最多的出版单位之一。,415
000279.KP,并购重组预期概念,中国科传,601858.SH,20250924,实控人中国科学院控股有限公司持有中国科技出版传媒股份有限公司股份比例74.40%,411
000184.KP,中字头概念,中国科传,601858.SH,20250924,公司的最终控制人为国资委，主要业务包括图书出版、期刊业务、出版物进出口和知识服务,419
000214.KP,版权,中国科传,601858.SH,20250924,公司是目前国内拥有科技图书和期刊内容资源最多的出版单位之一。,419
000184.KP,中字头概念,中国科传,601858.SH,20250923,公司的最终控制人为国资委，主要业务包括图书出版、期刊业务、出版物进出口和知识服务,395
000279.KP,并购重组预期概念,中国科传,601858.SH,20250923,实控人中国科学院控股有限公司持有中国科技出版传媒股份有限公司股份比例74.40%,397
000214.KP,版权,中国科传,601858.SH,20250923,公司是目前国内拥有科技图书和期刊内容资源最多的出版单位之一。,395
000184.KP,中字头概念,中国科传,601858.SH,20250922,公司的最终控制人为国资委，主要业务包括图书出版、期刊业务、出版物进出口和知识服务,444
000279.KP,并购重组预期概念,中国科传,601858.SH,20250922,实控人中国科学院控股有限公司持有中国科技出版传媒股份有限公司股份比例74.40%,430
000214.KP,版权,中国科传,601858.SH,20250922,公司是目前国内拥有科技图书和期刊内容资源最多的出版单位之一。,444
000214.KP,版权,中国科传,601858.SH,20250921,公司是目前国内拥有科技图书和期刊内容资源最多的出版单位之一。,1256
000279.KP,并购重组预期概念,中国科传,601858.SH,20250921,实控人中国科学院控股有限公司持有中国科技出版传媒股份有限公司股份比例74.40%,1256
000184.KP,中字头概念,中国科传,601858.SH,20250921,公司的最终控制人为国资委，主要业务包括图书出版、期刊业务、出版物进出口和知识服务,1256
000184.KP,中字头概念,中国科传,601858.SH,20250920,公司的最终控制人为国资委，主要业务包括图书出版、期刊业务、出版物进出口和知识服务,855
000279.KP,并购重组预期概念,中国科传,601858.SH,20250920,实控人中国科学院控股有限公司持有中国科技出版传媒股份有限公司股份比例74.40%,855
000214.KP,版权,中国科传,601858.SH,20250920,公司是目前国内拥有科技图书和期刊内容资源最多的出版单位之一。,855
000184.KP,中字头概念,中国科传,601858.SH,20250919,公司的最终控制人为国资委，主要业务包括图书出版、期刊业务、出版物进出口和知识服务,438
000214.KP,版权,中国科传,601858.SH,20250919,公司是目前国内拥有科技图书和期刊内容资源最多的出版单位之一。,438
000279.KP,并购重组预期概念,中国科传,601858.SH,20250919,实控人中国科学院控股有限公司持有中国科技出版传媒股份有限公司股份比例74.40%,347
000214.KP,版权,中国科传,601858.SH,20250918,公司是目前国内拥有科技图书和期刊内容资源最多的出版单位之一。,450
000184.KP,中字头概念,中国科传,601858.SH,20250918,公司的最终控制人为国资委，主要业务包括图书出版、期刊业务、出版物进出口和知识服务,450
000279.KP,并购重组预期概念,中国科传,601858.SH,20250918,实控人中国科学院控股有限公司持有中国科技出版传媒股份有限公司股份比例74.40%,442
000279.KP,并购重组预期概念,中国科传,601858.SH,20250917,实控人中国科学院控股有限公司持有中国科技出版传媒股份有限公司股份比例74.40%,471
000214.KP,版权,中国科传,601858.SH,20250917,公司是目前国内拥有科技图书和期刊内容资源最多的出版单位之一。,487
000184.KP,中字头概念,中国科传,601858.SH,20250917,公司的最终控制人为国资委，主要业务包括图书出版、期刊业务、出版物进出口和知识服务,487
000184.KP,中字头概念,中国科传,601858.SH,20250916,公司的最终控制人为国资委，主要业务包括图书出版、期刊业务、出版物进出口和知识服务,427
000279.KP,并购重组预期概念,中国科传,601858.SH,20250916,实控人中国科学院控股有限公司持有中国科技出版传媒股份有限公司股份比例74.40%,423
000214.KP,版权,中国科传,601858.SH,20250916,公司是目前国内拥有科技图书和期刊内容资源最多的出版单位之一。,427
000279.KP,并购重组预期概念,中国科传,601858.SH,20250915,实控人中国科学院控股有限公司持有中国科技出版传媒股份有限公司股份比例74.40%,461
000214.KP,版权,中国科传,601858.SH,20250915,公司是目前国内拥有科技图书和期刊内容资源最多的出版单位之一。,474
000184.KP,中字头概念,中国科传,601858.SH,20250915,公司的最终控制人为国资委，主要业务包括图书出版、期刊业务、出版物进出口和知识服务,474
000214.KP,版权,中国科传,601858.SH,20250914,公司是目前国内拥有科技图书和期刊内容资源最多的出版单位之一。,1839
000279.KP,并购重组预期概念,中国科传,601858.SH,20250914,实控人中国科学院控股有限公司持有中国科技出版传媒股份有限公司股份比例74.40%,1839
000184.KP,中字头概念,中国科传,601858.SH,20250914,公司的最终控制人为国资委，主要业务包括图书出版、期刊业务、出版物进出口和知识服务,1839
000184.KP,中字头概念,中国科传,601858.SH,20250913,公司的最终控制人为国资委，主要业务包括图书出版、期刊业务、出版物进出口和知识服务,1185
000214.KP,版权,中国科传,601858.SH,20250913,公司是目前国内拥有科技图书和期刊内容资源最多的出版单位之一。,1185
000279.KP,并购重组预期概念,中国科传,601858.SH,20250913,实控人中国科学院控股有限公司持有中国科技出版传媒股份有限公司股份比例74.40%,1185
000184.KP,中字头概念,中国科传,601858.SH,20250912,公司的最终控制人为国资委，主要业务包括图书出版、期刊业务、出版物进出口和知识服务,267
000279.KP,并购重组预期概念,中国科传,601858.SH,20250912,实控人中国科学院控股有限公司持有中国科技出版传媒股份有限公司股份比例74.40%,267
000214.KP,版权,中国科传,601858.SH,20250912,公司是目前国内拥有科技图书和期刊内容资源最多的出版单位之一。,267
000279.KP,并购重组预期概念,中国科传,601858.SH,20250911,实控人中国科学院控股有限公司持有中国科技出版传媒股份有限公司股份比例74.40%,334
000184.KP,中字头概念,中国科传,601858.SH,20250911,公司的最终控制人为国资委，主要业务包括图书出版、期刊业务、出版物进出口和知识服务,335
000214.KP,版权,中国科传,601858.SH,20250911,公司是目前国内拥有科技图书和期刊内容资源最多的出版单位之一。,335
000184.KP,中字头概念,中国科传,601858.SH,20250910,公司的最终控制人为国资委，主要业务包括图书出版、期刊业务、出版物进出口和知识服务,337
000279.KP,并购重组预期概念,中国科传,601858.SH,20250910,实控人中国科学院控股有限公司持有中国科技出版传媒股份有限公司股份比例74.40%,337
000214.KP,版权,中国科传,601858.SH,20250910,公司是目前国内拥有科技图书和期刊内容资源最多的出版单位之一。,337
000184.KP,中字头概念,中国科传,601858.SH,20250909,公司的最终控制人为国资委，主要业务包括图书出版、期刊业务、出版物进出口和知识服务,322
000214.KP,版权,中国科传,601858.SH,20250909,公司是目前国内拥有科技图书和期刊内容资源最多的出版单位之一。,322
000279.KP,并购重组预期概念,中国科传,601858.SH,20250909,实控人中国科学院控股有限公司持有中国科技出版传媒股份有限公司股份比例74.40%,322
000279.KP,并购重组预期概念,中国科传,601858.SH,20250908,实控人中国科学院控股有限公司持有中国科技出版传媒股份有限公司股份比例74.40%,528
000214.KP,版权,中国科传,601858.SH,20250908,公司是目前国内拥有科技图书和期刊内容资源最多的出版单位之一。,528
000184.KP,中字头概念,中国科传,601858.SH,20250908,公司的最终控制人为国资委，主要业务包括图书出版、期刊业务、出版物进出口和知识服务,528
000279.KP,并购重组预期概念,中国科传,601858.SH,20250907,实控人中国科学院控股有限公司持有中国科技出版传媒股份有限公司股份比例74.40%,2112
000214.KP,版权,中国科传,601858.SH,20250907,公司是目前国内拥有科技图书和期刊内容资源最多的出版单位之一。,2112
000184.KP,中字头概念,中国科传,601858.SH,20250907,公司的最终控制人为国资委，主要业务包括图书出版、期刊业务、出版物进出口和知识服务,2112
000279.KP,并购重组预期概念,中国科传,601858.SH,20250906,实控人中国科学院控股有限公司持有中国科技出版传媒股份有限公司股份比例74.40%,1241
000184.KP,中字头概念,中国科传,601858.SH,20250906,公司的最终控制人为国资委，主要业务包括图书出版、期刊业务、出版物进出口和知识服务,1241
000214.KP,版权,中国科传,601858.SH,20250906,公司是目前国内拥有科技图书和期刊内容资源最多的出版单位之一。,1241
000214.KP,版权,中国科传,601858.SH,20250905,公司是目前国内拥有科技图书和期刊内容资源最多的出版单位之一。,552
000184.KP,中字头概念,中国科传,601858.SH,20250905,公司的最终控制人为国资委，主要业务包括图书出版、期刊业务、出版物进出口和知识服务,552
000279.KP,并购重组预期概念,中国科传,601858.SH,20250905,实控人中国科学院控股有限公司持有中国科技出版传媒股份有限公司股份比例74.40%,552
000184.KP,中字头概念,中国科传,601858.SH,20250904,公司的最终控制人为国资委，主要业务包括图书出版、期刊业务、出版物进出口和知识服务,579
000279.KP,并购重组预期概念,中国科传,601858.SH,20250904,实控人中国科学院控股有限公司持有中国科技出版传媒股份有限公司股份比例74.40%,579
000214.KP,版权,中国科传,601858.SH,20250904,公司是目前国内拥有科技图书和期刊内容资源最多的出版单位之一。,579
000279.KP,并购重组预期概念,中国科传,601858.SH,20250903,实控人中国科学院控股有限公司持有中国科技出版传媒股份有限公司股份比例74.40%,746
000214.KP,版权,中国科传,601858.SH,20250903,公司是目前国内拥有科技图书和期刊内容资源最多的出版单位之一。,746
000184.KP,中字头概念,中国科传,601858.SH,20250903,公司的最终控制人为国资委，主要业务包括图书出版、期刊业务、出版物进出口和知识服务,746
000184.KP,中字头概念,中国科传,601858.SH,20250902,公司的最终控制人为国资委，主要业务包括图书出版、期刊业务、出版物进出口和知识服务,996
000214.KP,版权,中国科传,601858.SH,20250902,公司是目前国内拥有科技图书和期刊内容资源最多的出版单位之一。,996
000279.KP,并购重组预期概念,中国科传,601858.SH,20250902,实控人中国科学院控股有限公司持有中国科技出版传媒股份有限公司股份比例74.40%,996
000279.KP,并购重组预期概念,中国科传,601858.SH,20250901,实控人中国科学院控股有限公司持有中国科技出版传媒股份有限公司股份比例74.40%,979
000184.KP,中字头概念,中国科传,601858.SH,20250901,公司的最终控制人为国资委，主要业务包括图书出版、期刊业务、出版物进出口和知识服务,979
000214.KP,版权,中国科传,601858.SH,20250901,公司是目前国内拥有科技图书和期刊内容资源最多的出版单位之一。,979
000184.KP,中字头概念,中国科传,601858.SH,20250831,公司的最终控制人为国资委，主要业务包括图书出版、期刊业务、出版物进出口和知识服务,4550
000279.KP,并购重组预期概念,中国科传,601858.SH,20250831,实控人中国科学院控股有限公司持有中国科技出版传媒股份有限公司股份比例74.40%,4550
000214.KP,版权,中国科传,601858.SH,20250831,公司是目前国内拥有科技图书和期刊内容资源最多的出版单位之一。,4550
000279.KP,并购重组预期概念,中国科传,601858.SH,20250830,实控人中国科学院控股有限公司持有中国科技出版传媒股份有限公司股份比例74.40%,3131
000184.KP,中字头概念,中国科传,601858.SH,20250830,公司的最终控制人为国资委，主要业务包括图书出版、期刊业务、出版物进出口和知识服务,3131
000214.KP,版权,中国科传,601858.SH,20250830,公司是目前国内拥有科技图书和期刊内容资源最多的出版单位之一。,3131
000214.KP,版权,中国科传,601858.SH,20250829,公司是目前国内拥有科技图书和期刊内容资源最多的出版单位之一。,1489
000184.KP,中字头概念,中国科传,601858.SH,20250829,公司的最终控制人为国资委，主要业务包括图书出版、期刊业务、出版物进出口和知识服务,1489
000279.KP,并购重组预期概念,中国科传,601858.SH,20250829,实控人中国科学院控股有限公司持有中国科技出版传媒股份有限公司股份比例74.40%,1489
000214.KP,版权,中国科传,601858.SH,20250828,公司是目前国内拥有科技图书和期刊内容资源最多的出版单位之一。,550
000184.KP,中字头概念,中国科传,601858.SH,20250828,公司的最终控制人为国资委，主要业务包括图书出版、期刊业务、出版物进出口和知识服务,550
000279.KP,并购重组预期概念,中国科传,601858.SH,20250828,实控人中国科学院控股有限公司持有中国科技出版传媒股份有限公司股份比例74.40%,550
000184.KP,中字头概念,中国科传,601858.SH,20250827,公司的最终控制人为国资委，主要业务包括图书出版、期刊业务、出版物进出口和知识服务,558
000214.KP,版权,中国科传,601858.SH,20250827,公司是目前国内拥有科技图书和期刊内容资源最多的出版单位之一。,558
000279.KP,并购重组预期概念,中国科传,601858.SH,20250827,实控人中国科学院控股有限公司持有中国科技出版传媒股份有限公司股份比例74.40%,558
000279.KP,并购重组预期概念,中国科传,601858.SH,20250826,实控人中国科学院控股有限公司持有中国科技出版传媒股份有限公司股份比例74.40%,456
000184.KP,中字头概念,中国科传,601858.SH,20250826,公司的最终控制人为国资委，主要业务包括图书出版、期刊业务、出版物进出口和知识服务,456
000214.KP,版权,中国科传,601858.SH,20250826,公司是目前国内拥有科技图书和期刊内容资源最多的出版单位之一。,456
000184.KP,中字头概念,中国科传,601858.SH,20250825,公司的最终控制人为国资委，主要业务包括图书出版、期刊业务、出版物进出口和知识服务,521
000279.KP,并购重组预期概念,中国科传,601858.SH,20250825,实控人中国科学院控股有限公司持有中国科技出版传媒股份有限公司股份比例74.40%,521
000214.KP,版权,中国科传,601858.SH,20250825,公司是目前国内拥有科技图书和期刊内容资源最多的出版单位之一。,521
000214.KP,版权,中国科传,601858.SH,20250824,公司是目前国内拥有科技图书和期刊内容资源最多的出版单位之一。,2392
000279.KP,并购重组预期概念,中国科传,601858.SH,20250824,实控人中国科学院控股有限公司持有中国科技出版传媒股份有限公司股份比例74.40%,2392
000184.KP,中字头概念,中国科传,601858.SH,20250824,公司的最终控制人为国资委，主要业务包括图书出版、期刊业务、出版物进出口和知识服务,2392
000214.KP,版权,中国科传,601858.SH,20250823,公司是目前国内拥有科技图书和期刊内容资源最多的出版单位之一。,1659
000279.KP,并购重组预期概念,中国科传,601858.SH,20250823,实控人中国科学院控股有限公司持有中国科技出版传媒股份有限公司股份比例74.40%,1659
000184.KP,中字头概念,中国科传,601858.SH,20250823,公司的最终控制人为国资委，主要业务包括图书出版、期刊业务、出版物进出口和知识服务,1659
000279.KP,并购重组预期概念,中国科传,601858.SH,20250822,实控人中国科学院控股有限公司持有中国科技出版传媒股份有限公司股份比例74.40%,569
000184.KP,中字头概念,中国科传,601858.SH,20250822,公司的最终控制人为国资委，主要业务包括图书出版、期刊业务、出版物进出口和知识服务,569
000214.KP,版权,中国科传,601858.SH,20250822,公司是目前国内拥有科技图书和期刊内容资源最多的出版单位之一。,569
000279.KP,并购重组预期概念,中国科传,601858.SH,20250821,实控人中国科学院控股有限公司持有中国科技出版传媒股份有限公司股份比例74.40%,434
000214.KP,版权,中国科传,601858.SH,20250821,公司是目前国内拥有科技图书和期刊内容资源最多的出版单位之一。,434
000184.KP,中字头概念,中国科传,601858.SH,20250821,公司的最终控制人为国资委，主要业务包括图书出版、期刊业务、出版物进出口和知识服务,434
000279.KP,并购重组预期概念,中国科传,601858.SH,20250820,实控人中国科学院控股有限公司持有中国科技出版传媒股份有限公司股份比例74.40%,340
000214.KP,版权,中国科传,601858.SH,20250820,公司是目前国内拥有科技图书和期刊内容资源最多的出版单位之一。,340
000184.KP,中字头概念,中国科传,601858.SH,20250820,公司的最终控制人为国资委，主要业务包括图书出版、期刊业务、出版物进出口和知识服务,340
000279.KP,并购重组预期概念,中国科传,601858.SH,20250819,实控人中国科学院控股有限公司持有中国科技出版传媒股份有限公司股份比例74.40%,345
000184.KP,中字头概念,中国科传,601858.SH,20250819,公司的最终控制人为国资委，主要业务包括图书出版、期刊业务、出版物进出口和知识服务,345
000214.KP,版权,中国科传,601858.SH,20250819,公司是目前国内拥有科技图书和期刊内容资源最多的出版单位之一。,345
000279.KP,并购重组预期概念,中国科传,601858.SH,20250818,实控人中国科学院控股有限公司持有中国科技出版传媒股份有限公司股份比例74.40%,345
000214.KP,版权,中国科传,601858.SH,20250818,公司是目前国内拥有科技图书和期刊内容资源最多的出版单位之一。,345
000184.KP,中字头概念,中国科传,601858.SH,20250818,公司的最终控制人为国资委，主要业务包括图书出版、期刊业务、出版物进出口和知识服务,345
000214.KP,版权,中国科传,601858.SH,20250815,公司是目前国内拥有科技图书和期刊内容资源最多的出版单位之一。,429
000279.KP,并购重组预期概念,中国科传,601858.SH,20250815,实控人中国科学院控股有限公司持有中国科技出版传媒股份有限公司股份比例74.40%,429
000184.KP,中字头概念,中国科传,601858.SH,20250815,公司的最终控制人为国资委，主要业务包括图书出版、期刊业务、出版物进出口和知识服务,429
000279.KP,并购重组预期概念,中国科传,601858.SH,20250814,实控人中国科学院控股有限公司持有中国科技出版传媒股份有限公司股份比例74.40%,488
000214.KP,版权,中国科传,601858.SH,20250814,公司是目前国内拥有科技图书和期刊内容资源最多的出版单位之一。,488
000184.KP,中字头概念,中国科传,601858.SH,20250814,公司的最终控制人为国资委，主要业务包括图书出版、期刊业务、出版物进出口和知识服务,488
000279.KP,并购重组预期概念,中国科传,601858.SH,20250813,实控人中国科学院控股有限公司持有中国科技出版传媒股份有限公司股份比例74.40%,420
000214.KP,版权,中国科传,601858.SH,20250813,公司是目前国内拥有科技图书和期刊内容资源最多的出版单位之一。,420
000184.KP,中字头概念,中国科传,601858.SH,20250813,公司的最终控制人为国资委，主要业务包括图书出版、期刊业务、出版物进出口和知识服务,420
000184.KP,中字头概念,中国科传,601858.SH,20250812,公司的最终控制人为国资委，主要业务包括图书出版、期刊业务、出版物进出口和知识服务,402
000214.KP,版权,中国科传,601858.SH,20250812,公司是目前国内拥有科技图书和期刊内容资源最多的出版单位之一。,402
000279.KP,并购重组预期概念,中国科传,601858.SH,20250812,实控人中国科学院控股有限公司持有中国科技出版传媒股份有限公司股份比例74.40%,402
000184.KP,中字头概念,中国科传,601858.SH,20250811,公司的最终控制人为国资委，主要业务包括图书出版、期刊业务、出版物进出口和知识服务,432
000279.KP,并购重组预期概念,中国科传,601858.SH,20250811,实控人中国科学院控股有限公司持有中国科技出版传媒股份有限公司股份比例74.40%,432
000214.KP,版权,中国科传,601858.SH,20250811,公司是目前国内拥有科技图书和期刊内容资源最多的出版单位之一。,432
000279.KP,并购重组预期概念,中国科传,601858.SH,20250810,实控人中国科学院控股有限公司持有中国科技出版传媒股份有限公司股份比例74.40%,1100
000214.KP,版权,中国科传,601858.SH,20250810,公司是目前国内拥有科技图书和期刊内容资源最多的出版单位之一。,1100
000184.KP,中字头概念,中国科传,601858.SH,20250810,公司的最终控制人为国资委，主要业务包括图书出版、期刊业务、出版物进出口和知识服务,1100
000279.KP,并购重组预期概念,中国科传,601858.SH,20250809,实控人中国科学院控股有限公司持有中国科技出版传媒股份有限公司股份比例74.40%,811
000214.KP,版权,中国科传,601858.SH,20250809,公司是目前国内拥有科技图书和期刊内容资源最多的出版单位之一。,811
000184.KP,中字头概念,中国科传,601858.SH,20250809,公司的最终控制人为国资委，主要业务包括图书出版、期刊业务、出版物进出口和知识服务,811
000279.KP,并购重组预期概念,中国科传,601858.SH,20250808,实控人中国科学院控股有限公司持有中国科技出版传媒股份有限公司股份比例74.40%,408
000214.KP,版权,中国科传,601858.SH,20250808,公司是目前国内拥有科技图书和期刊内容资源最多的出版单位之一。,408
000184.KP,中字头概念,中国科传,601858.SH,20250808,公司的最终控制人为国资委，主要业务包括图书出版、期刊业务、出版物进出口和知识服务,408
000214.KP,版权,中国科传,601858.SH,20250807,公司是目前国内拥有科技图书和期刊内容资源最多的出版单位之一。,445
000184.KP,中字头概念,中国科传,601858.SH,20250807,公司的最终控制人为国资委，主要业务包括图书出版、期刊业务、出版物进出口和知识服务,445
000279.KP,并购重组预期概念,中国科传,601858.SH,20250807,实控人中国科学院控股有限公司持有中国科技出版传媒股份有限公司股份比例74.40%,445
000279.KP,并购重组预期概念,中国科传,601858.SH,20250806,实控人中国科学院控股有限公司持有中国科技出版传媒股份有限公司股份比例74.40%,436
000214.KP,版权,中国科传,601858.SH,20250806,公司是目前国内拥有科技图书和期刊内容资源最多的出版单位之一。,436
000184.KP,中字头概念,中国科传,601858.SH,20250806,公司的最终控制人为国资委，主要业务包括图书出版、期刊业务、出版物进出口和知识服务,436
000279.KP,并购重组预期概念,中国科传,601858.SH,20250805,实控人中国科学院控股有限公司持有中国科技出版传媒股份有限公司股份比例74.40%,436
000214.KP,版权,中国科传,601858.SH,20250805,公司是目前国内拥有科技图书和期刊内容资源最多的出版单位之一。,436
000184.KP,中字头概念,中国科传,601858.SH,20250805,公司的最终控制人为国资委，主要业务包括图书出版、期刊业务、出版物进出口和知识服务,436
000184.KP,中字头概念,中国科传,601858.SH,20250804,公司的最终控制人为国资委，主要业务包括图书出版、期刊业务、出版物进出口和知识服务,459
000214.KP,版权,中国科传,601858.SH,20250804,公司是目前国内拥有科技图书和期刊内容资源最多的出版单位之一。,459
000279.KP,并购重组预期概念,中国科传,601858.SH,20250804,实控人中国科学院控股有限公司持有中国科技出版传媒股份有限公司股份比例74.40%,459
000184.KP,中字头概念,中国科传,601858.SH,20250803,公司的最终控制人为国资委，主要业务包括图书出版、期刊业务、出版物进出口和知识服务,1963
000214.KP,版权,中国科传,601858.SH,20250803,公司是目前国内拥有科技图书和期刊内容资源最多的出版单位之一。,1963
000279.KP,并购重组预期概念,中国科传,601858.SH,20250803,实控人中国科学院控股有限公司持有中国科技出版传媒股份有限公司股份比例74.40%,1963
000184.KP,中字头概念,中国科传,601858.SH,20250802,公司的最终控制人为国资委，主要业务包括图书出版、期刊业务、出版物进出口和知识服务,1117
000279.KP,并购重组预期概念,中国科传,601858.SH,20250802,实控人中国科学院控股有限公司持有中国科技出版传媒股份有限公司股份比例74.40%,1117
000214.KP,版权,中国科传,601858.SH,20250802,公司是目前国内拥有科技图书和期刊内容资源最多的出版单位之一。,1117
000279.KP,并购重组预期概念,中国科传,601858.SH,20250801,实控人中国科学院控股有限公司持有中国科技出版传媒股份有限公司股份比例74.40%,489
000184.KP,中字头概念,中国科传,601858.SH,20250801,公司的最终控制人为国资委，主要业务包括图书出版、期刊业务、出版物进出口和知识服务,489
000214.KP,版权,中国科传,601858.SH,20250801,公司是目前国内拥有科技图书和期刊内容资源最多的出版单位之一。,489
000279.KP,并购重组预期概念,中国科传,601858.SH,20250731,实控人中国科学院控股有限公司持有中国科技出版传媒股份有限公司股份比例74.40%,454
000184.KP,中字头概念,中国科传,601858.SH,20250731,公司的最终控制人为国资委，主要业务包括图书出版、期刊业务、出版物进出口和知识服务,454
000214.KP,版权,中国科传,601858.SH,20250731,公司是目前国内拥有科技图书和期刊内容资源最多的出版单位之一。,454
000279.KP,并购重组预期概念,中国科传,601858.SH,20250730,实控人中国科学院控股有限公司持有中国科技出版传媒股份有限公司股份比例74.40%,441
000184.KP,中字头概念,中国科传,601858.SH,20250730,公司的最终控制人为国资委，主要业务包括图书出版、期刊业务、出版物进出口和知识服务,441
000214.KP,版权,中国科传,601858.SH,20250730,公司是目前国内拥有科技图书和期刊内容资源最多的出版单位之一。,441
000214.KP,版权,中国科传,601858.SH,20250729,公司是目前国内拥有科技图书和期刊内容资源最多的出版单位之一。,437
000184.KP,中字头概念,中国科传,601858.SH,20250729,公司的最终控制人为国资委，主要业务包括图书出版、期刊业务、出版物进出口和知识服务,437
000279.KP,并购重组预期概念,中国科传,601858.SH,20250729,实控人中国科学院控股有限公司持有中国科技出版传媒股份有限公司股份比例74.40%,437
000214.KP,版权,中国科传,601858.SH,20250728,公司是目前国内拥有科技图书和期刊内容资源最多的出版单位之一。,521
000184.KP,中字头概念,中国科传,601858.SH,20250728,公司的最终控制人为国资委，主要业务包括图书出版、期刊业务、出版物进出口和知识服务,521
000279.KP,并购重组预期概念,中国科传,601858.SH,20250728,实控人中国科学院控股有限公司持有中国科技出版传媒股份有限公司股份比例74.40%,505
000279.KP,并购重组预期概念,中国科传,601858.SH,20250727,实控人中国科学院控股有限公司持有中国科技出版传媒股份有限公司股份比例74.40%,1915
000184.KP,中字头概念,中国科传,601858.SH,20250727,公司的最终控制人为国资委，主要业务包括图书出版、期刊业务、出版物进出口和知识服务,1915
000214.KP,版权,中国科传,601858.SH,20250727,公司是目前国内拥有科技图书和期刊内容资源最多的出版单位之一。,1915
000184.KP,中字头概念,中国科传,601858.SH,20250726,公司的最终控制人为国资委，主要业务包括图书出版、期刊业务、出版物进出口和知识服务,1293
000214.KP,版权,中国科传,601858.SH,20250726,公司是目前国内拥有科技图书和期刊内容资源最多的出版单位之一。,1293
000279.KP,并购重组预期概念,中国科传,601858.SH,20250726,实控人中国科学院控股有限公司持有中国科技出版传媒股份有限公司股份比例74.40%,1293
000184.KP,中字头概念,中国科传,601858.SH,20250725,公司的最终控制人为国资委，主要业务包括图书出版、期刊业务、出版物进出口和知识服务,491
000214.KP,版权,中国科传,601858.SH,20250725,公司是目前国内拥有科技图书和期刊内容资源最多的出版单位之一。,509
000279.KP,并购重组预期概念,中国科传,601858.SH,20250725,实控人中国科学院控股有限公司持有中国科技出版传媒股份有限公司股份比例74.40%,491
000214.KP,版权,中国科传,601858.SH,20250724,公司是目前国内拥有科技图书和期刊内容资源最多的出版单位之一。,463
000184.KP,中字头概念,中国科传,601858.SH,20250724,公司的最终控制人为国资委，主要业务包括图书出版、期刊业务、出版物进出口和知识服务,451
000279.KP,并购重组预期概念,中国科传,601858.SH,20250724,实控人中国科学院控股有限公司持有中国科技出版传媒股份有限公司股份比例74.40%,463
000184.KP,中字头概念,中国科传,601858.SH,20250723,公司的最终控制人为国资委，主要业务包括图书出版、期刊业务、出版物进出口和知识服务,330
000214.KP,版权,中国科传,601858.SH,20250723,公司是目前国内拥有科技图书和期刊内容资源最多的出版单位之一。,330
000279.KP,并购重组预期概念,中国科传,601858.SH,20250723,实控人中国科学院控股有限公司持有中国科技出版传媒股份有限公司股份比例74.40%,330
000184.KP,中字头概念,中国科传,601858.SH,20250722,公司的最终控制人为国资委，主要业务包括图书出版、期刊业务、出版物进出口和知识服务,393
000279.KP,并购重组预期概念,中国科传,601858.SH,20250722,实控人中国科学院控股有限公司持有中国科技出版传媒股份有限公司股份比例74.40%,393
000214.KP,版权,中国科传,601858.SH,20250722,公司是目前国内拥有科技图书和期刊内容资源最多的出版单位之一。,393
000279.KP,并购重组预期概念,中国科传,601858.SH,20250721,实控人中国科学院控股有限公司持有中国科技出版传媒股份有限公司股份比例74.40%,487
000214.KP,版权,中国科传,601858.SH,20250721,公司是目前国内拥有科技图书和期刊内容资源最多的出版单位之一。,487
000184.KP,中字头概念,中国科传,601858.SH,20250721,公司的最终控制人为国资委，主要业务包括图书出版、期刊业务、出版物进出口和知识服务,487
000279.KP,并购重组预期概念,中国科传,601858.SH,20250720,实控人中国科学院控股有限公司持有中国科技出版传媒股份有限公司股份比例74.40%,2358
000214.KP,版权,中国科传,601858.SH,20250720,公司是目前国内拥有科技图书和期刊内容资源最多的出版单位之一。,2358
000184.KP,中字头概念,中国科传,601858.SH,20250720,公司的最终控制人为国资委，主要业务包括图书出版、期刊业务、出版物进出口和知识服务,2358
000184.KP,中字头概念,中国科传,601858.SH,20250719,公司的最终控制人为国资委，主要业务包括图书出版、期刊业务、出版物进出口和知识服务,1506
000214.KP,版权,中国科传,601858.SH,20250719,公司是目前国内拥有科技图书和期刊内容资源最多的出版单位之一。,1506
000279.KP,并购重组预期概念,中国科传,601858.SH,20250719,实控人中国科学院控股有限公司持有中国科技出版传媒股份有限公司股份比例74.40%,1506
000214.KP,版权,中国科传,601858.SH,20250718,公司是目前国内拥有科技图书和期刊内容资源最多的出版单位之一。,509
000184.KP,中字头概念,中国科传,601858.SH,20250718,公司的最终控制人为国资委，主要业务包括图书出版、期刊业务、出版物进出口和知识服务,509
000279.KP,并购重组预期概念,中国科传,601858.SH,20250718,实控人中国科学院控股有限公司持有中国科技出版传媒股份有限公司股份比例74.40%,509
000279.KP,并购重组预期概念,XD中国科,601858.SH,20250717,实控人中国科学院控股有限公司持有中国科技出版传媒股份有限公司股份比例74.40%,530
000184.KP,中字头概念,XD中国科,601858.SH,20250717,公司的最终控制人为国资委，主要业务包括图书出版、期刊业务、出版物进出口和知识服务,530
000214.KP,版权,XD中国科,601858.SH,20250717,公司是目前国内拥有科技图书和期刊内容资源最多的出版单位之一。,530
000214.KP,版权,中国科传,601858.SH,20250716,公司是目前国内拥有科技图书和期刊内容资源最多的出版单位之一。,617
000279.KP,并购重组预期概念,中国科传,601858.SH,20250716,实控人中国科学院控股有限公司持有中国科技出版传媒股份有限公司股份比例74.40%,617
000184.KP,中字头概念,中国科传,601858.SH,20250716,公司的最终控制人为国资委，主要业务包括图书出版、期刊业务、出版物进出口和知识服务,617
000214.KP,版权,中国科传,601858.SH,20250715,公司是目前国内拥有科技图书和期刊内容资源最多的出版单位之一。,504
000279.KP,并购重组预期概念,中国科传,601858.SH,20250715,实控人中国科学院控股有限公司持有中国科技出版传媒股份有限公司股份比例74.40%,504
000184.KP,中字头概念,中国科传,601858.SH,20250715,公司的最终控制人为国资委，主要业务包括图书出版、期刊业务、出版物进出口和知识服务,504
000214.KP,版权,中国科传,601858.SH,20250714,公司是目前国内拥有科技图书和期刊内容资源最多的出版单位之一。,863
000279.KP,并购重组预期概念,中国科传,601858.SH,20250714,实控人中国科学院控股有限公司持有中国科技出版传媒股份有限公司股份比例74.40%,863
000184.KP,中字头概念,中国科传,601858.SH,20250714,公司的最终控制人为国资委，主要业务包括图书出版、期刊业务、出版物进出口和知识服务,863
000214.KP,版权,中国科传,601858.SH,20250713,公司是目前国内拥有科技图书和期刊内容资源最多的出版单位之一。,4826
000279.KP,并购重组预期概念,中国科传,601858.SH,20250713,实控人中国科学院控股有限公司持有中国科技出版传媒股份有限公司股份比例74.40%,4826
000184.KP,中字头概念,中国科传,601858.SH,20250713,公司的最终控制人为国资委，主要业务包括图书出版、期刊业务、出版物进出口和知识服务,4826
000184.KP,中字头概念,中国科传,601858.SH,20250712,公司的最终控制人为国资委，主要业务包括图书出版、期刊业务、出版物进出口和知识服务,3106
000279.KP,并购重组预期概念,中国科传,601858.SH,20250712,实控人中国科学院控股有限公司持有中国科技出版传媒股份有限公司股份比例74.40%,3106
000214.KP,版权,中国科传,601858.SH,20250712,公司是目前国内拥有科技图书和期刊内容资源最多的出版单位之一。,3106
000279.KP,并购重组预期概念,中国科传,601858.SH,20250711,实控人中国科学院控股有限公司持有中国科技出版传媒股份有限公司股份比例74.40%,1009
000184.KP,中字头概念,中国科传,601858.SH,20250711,公司的最终控制人为国资委，主要业务包括图书出版、期刊业务、出版物进出口和知识服务,1009
000214.KP,版权,中国科传,601858.SH,20250711,公司是目前国内拥有科技图书和期刊内容资源最多的出版单位之一。,1009
000214.KP,版权,中国科传,601858.SH,20250710,公司是目前国内拥有科技图书和期刊内容资源最多的出版单位之一。,487
000279.KP,并购重组预期概念,中国科传,601858.SH,20250710,实控人中国科学院控股有限公司持有中国科技出版传媒股份有限公司股份比例74.40%,487
000184.KP,中字头概念,中国科传,601858.SH,20250710,公司的最终控制人为国资委，主要业务包括图书出版、期刊业务、出版物进出口和知识服务,487
000184.KP,中字头概念,中国科传,601858.SH,20250709,公司的最终控制人为国资委，主要业务包括图书出版、期刊业务、出版物进出口和知识服务,424
000214.KP,版权,中国科传,601858.SH,20250709,公司是目前国内拥有科技图书和期刊内容资源最多的出版单位之一。,424
000279.KP,并购重组预期概念,中国科传,601858.SH,20250709,实控人中国科学院控股有限公司持有中国科技出版传媒股份有限公司股份比例74.40%,424
000279.KP,并购重组预期概念,中国科传,601858.SH,20250708,实控人中国科学院控股有限公司持有中国科技出版传媒股份有限公司股份比例74.40%,389
000214.KP,版权,中国科传,601858.SH,20250708,公司是目前国内拥有科技图书和期刊内容资源最多的出版单位之一。,389
000184.KP,中字头概念,中国科传,601858.SH,20250708,公司的最终控制人为国资委，主要业务包括图书出版、期刊业务、出版物进出口和知识服务,389
000184.KP,中字头概念,中国科传,601858.SH,20250707,公司的最终控制人为国资委，主要业务包括图书出版、期刊业务、出版物进出口和知识服务,437
000214.KP,版权,中国科传,601858.SH,20250707,公司是目前国内拥有科技图书和期刊内容资源最多的出版单位之一。,437
000279.KP,并购重组预期概念,中国科传,601858.SH,20250707,实控人中国科学院控股有限公司持有中国科技出版传媒股份有限公司股份比例74.40%,437
000279.KP,并购重组预期概念,中国科传,601858.SH,20250706,实控人中国科学院控股有限公司持有中国科技出版传媒股份有限公司股份比例74.40%,1615
000214.KP,版权,中国科传,601858.SH,20250706,公司是目前国内拥有科技图书和期刊内容资源最多的出版单位之一。,1615
000184.KP,中字头概念,中国科传,601858.SH,20250706,公司的最终控制人为国资委，主要业务包括图书出版、期刊业务、出版物进出口和知识服务,1615
000279.KP,并购重组预期概念,中国科传,601858.SH,20250705,实控人中国科学院控股有限公司持有中国科技出版传媒股份有限公司股份比例74.40%,973
000184.KP,中字头概念,中国科传,601858.SH,20250705,公司的最终控制人为国资委，主要业务包括图书出版、期刊业务、出版物进出口和知识服务,973
000214.KP,版权,中国科传,601858.SH,20250705,公司是目前国内拥有科技图书和期刊内容资源最多的出版单位之一。,973
000214.KP,版权,中国科传,601858.SH,20250704,公司是目前国内拥有科技图书和期刊内容资源最多的出版单位之一。,405
000184.KP,中字头概念,中国科传,601858.SH,20250704,公司的最终控制人为国资委，主要业务包括图书出版、期刊业务、出版物进出口和知识服务,405
000279.KP,并购重组预期概念,中国科传,601858.SH,20250704,实控人中国科学院控股有限公司持有中国科技出版传媒股份有限公司股份比例74.40%,405
000279.KP,并购重组预期概念,中国科传,601858.SH,20250703,实控人中国科学院控股有限公司持有中国科技出版传媒股份有限公司股份比例74.40%,418
000214.KP,版权,中国科传,601858.SH,20250703,公司是目前国内拥有科技图书和期刊内容资源最多的出版单位之一。,418
000184.KP,中字头概念,中国科传,601858.SH,20250703,公司的最终控制人为国资委，主要业务包括图书出版、期刊业务、出版物进出口和知识服务,418
000279.KP,并购重组预期概念,中国科传,601858.SH,20250702,实控人中国科学院控股有限公司持有中国科技出版传媒股份有限公司股份比例74.40%,437
000184.KP,中字头概念,中国科传,601858.SH,20250702,公司的最终控制人为国资委，主要业务包括图书出版、期刊业务、出版物进出口和知识服务,437
000214.KP,版权,中国科传,601858.SH,20250702,公司是目前国内拥有科技图书和期刊内容资源最多的出版单位之一。,437
000214.KP,版权,中国科传,601858.SH,20250701,公司是目前国内拥有科技图书和期刊内容资源最多的出版单位之一。,402
000184.KP,中字头概念,中国科传,601858.SH,20250701,公司的最终控制人为国资委，主要业务包括图书出版、期刊业务、出版物进出口和知识服务,402
000279.KP,并购重组预期概念,中国科传,601858.SH,20250701,实控人中国科学院控股有限公司持有中国科技出版传媒股份有限公司股份比例74.40%,402
000214.KP,版权,中国科传,601858.SH,20250630,公司是目前国内拥有科技图书和期刊内容资源最多的出版单位之一。,441
000279.KP,并购重组预期概念,中国科传,601858.SH,20250630,实控人中国科学院控股有限公司持有中国科技出版传媒股份有限公司股份比例74.40%,441
000184.KP,中字头概念,中国科传,601858.SH,20250630,公司的最终控制人为国资委，主要业务包括图书出版、期刊业务、出版物进出口和知识服务,441
000214.KP,版权,中国科传,601858.SH,20250629,公司是目前国内拥有科技图书和期刊内容资源最多的出版单位之一。,1756
000279.KP,并购重组预期概念,中国科传,601858.SH,20250629,实控人中国科学院控股有限公司持有中国科技出版传媒股份有限公司股份比例74.40%,1756
000184.KP,中字头概念,中国科传,601858.SH,20250629,公司的最终控制人为国资委，主要业务包括图书出版、期刊业务、出版物进出口和知识服务,1756
000279.KP,并购重组预期概念,中国科传,601858.SH,20250628,实控人中国科学院控股有限公司持有中国科技出版传媒股份有限公司股份比例74.40%,995
000184.KP,中字头概念,中国科传,601858.SH,20250628,公司的最终控制人为国资委，主要业务包括图书出版、期刊业务、出版物进出口和知识服务,995
000214.KP,版权,中国科传,601858.SH,20250628,公司是目前国内拥有科技图书和期刊内容资源最多的出版单位之一。,995
000184.KP,中字头概念,中国科传,601858.SH,20250627,公司的最终控制人为国资委，主要业务包括图书出版、期刊业务、出版物进出口和知识服务,581
000214.KP,版权,中国科传,601858.SH,20250627,公司是目前国内拥有科技图书和期刊内容资源最多的出版单位之一。,581
000279.KP,并购重组预期概念,中国科传,601858.SH,20250627,实控人中国科学院控股有限公司持有中国科技出版传媒股份有限公司股份比例74.40%,581
000184.KP,中字头概念,中国科传,601858.SH,20250626,公司的最终控制人为国资委，主要业务包括图书出版、期刊业务、出版物进出口和知识服务,451
000214.KP,版权,中国科传,601858.SH,20250626,公司是目前国内拥有科技图书和期刊内容资源最多的出版单位之一。,451
000279.KP,并购重组预期概念,中国科传,601858.SH,20250626,实控人中国科学院控股有限公司持有中国科技出版传媒股份有限公司股份比例74.40%,451
000214.KP,版权,中国科传,601858.SH,20250625,公司是目前国内拥有科技图书和期刊内容资源最多的出版单位之一。,433
000279.KP,并购重组预期概念,中国科传,601858.SH,20250625,实控人中国科学院控股有限公司持有中国科技出版传媒股份有限公司股份比例74.40%,429
000184.KP,中字头概念,中国科传,601858.SH,20250625,公司的最终控制人为国资委，主要业务包括图书出版、期刊业务、出版物进出口和知识服务,429
000184.KP,中字头概念,中国科传,601858.SH,20250624,公司的最终控制人为国资委，主要业务包括图书出版、期刊业务、出版物进出口和知识服务,448
000214.KP,版权,中国科传,601858.SH,20250624,公司是目前国内拥有科技图书和期刊内容资源最多的出版单位之一。,448
000279.KP,并购重组预期概念,中国科传,601858.SH,20250624,实控人中国科学院控股有限公司持有中国科技出版传媒股份有限公司股份比例74.40%,448
000279.KP,并购重组预期概念,中国科传,601858.SH,20250623,实控人中国科学院控股有限公司持有中国科技出版传媒股份有限公司股份比例74.40%,480
000184.KP,中字头概念,中国科传,601858.SH,20250623,公司的最终控制人为国资委，主要业务包括图书出版、期刊业务、出版物进出口和知识服务,480
000214.KP,版权,中国科传,601858.SH,20250623,公司是目前国内拥有科技图书和期刊内容资源最多的出版单位之一。,480
000184.KP,中字头概念,中国科传,601858.SH,20250622,公司的最终控制人为国资委，主要业务包括图书出版、期刊业务、出版物进出口和知识服务,1917
000214.KP,版权,中国科传,601858.SH,20250622,公司是目前国内拥有科技图书和期刊内容资源最多的出版单位之一。,1917
000279.KP,并购重组预期概念,中国科传,601858.SH,20250622,实控人中国科学院控股有限公司持有中国科技出版传媒股份有限公司股份比例74.40%,1917
000214.KP,版权,中国科传,601858.SH,20250621,公司是目前国内拥有科技图书和期刊内容资源最多的出版单位之一。,1138
000279.KP,并购重组预期概念,中国科传,601858.SH,20250621,实控人中国科学院控股有限公司持有中国科技出版传媒股份有限公司股份比例74.40%,1138
000184.KP,中字头概念,中国科传,601858.SH,20250621,公司的最终控制人为国资委，主要业务包括图书出版、期刊业务、出版物进出口和知识服务,1138
000279.KP,并购重组预期概念,中国科传,601858.SH,20250620,实控人中国科学院控股有限公司持有中国科技出版传媒股份有限公司股份比例74.40%,455
000214.KP,版权,中国科传,601858.SH,20250620,公司是目前国内拥有科技图书和期刊内容资源最多的出版单位之一。,455
000184.KP,中字头概念,中国科传,601858.SH,20250620,公司的最终控制人为国资委，主要业务包括图书出版、期刊业务、出版物进出口和知识服务,455
000214.KP,版权,中国科传,601858.SH,20250619,公司是目前国内拥有科技图书和期刊内容资源最多的出版单位之一。,476
000184.KP,中字头概念,中国科传,601858.SH,20250619,公司的最终控制人为国资委，主要业务包括图书出版、期刊业务、出版物进出口和知识服务,476
000279.KP,并购重组预期概念,中国科传,601858.SH,20250619,实控人中国科学院控股有限公司持有中国科技出版传媒股份有限公司股份比例74.40%,476
000279.KP,并购重组预期概念,中国科传,601858.SH,20250618,实控人中国科学院控股有限公司持有中国科技出版传媒股份有限公司股份比例74.40%,356
000184.KP,中字头概念,中国科传,601858.SH,20250618,公司的最终控制人为国资委，主要业务包括图书出版、期刊业务、出版物进出口和知识服务,358
000214.KP,版权,中国科传,601858.SH,20250618,公司是目前国内拥有科技图书和期刊内容资源最多的出版单位之一。,358
000184.KP,中字头概念,中国科传,601858.SH,20250617,公司的最终控制人为国资委，主要业务包括图书出版、期刊业务、出版物进出口和知识服务,534
000279.KP,并购重组预期概念,中国科传,601858.SH,20250617,实控人中国科学院控股有限公司持有中国科技出版传媒股份有限公司股份比例74.40%,538
000214.KP,版权,中国科传,601858.SH,20250617,公司是目前国内拥有科技图书和期刊内容资源最多的出版单位之一。,542
000184.KP,中字头概念,中国科传,601858.SH,20250616,公司的最终控制人为国资委，主要业务包括图书出版、期刊业务、出版物进出口和知识服务,577
000214.KP,版权,中国科传,601858.SH,20250616,公司是目前国内拥有科技图书和期刊内容资源最多的出版单位之一。,592
000279.KP,并购重组预期概念,中国科传,601858.SH,20250616,实控人中国科学院控股有限公司持有中国科技出版传媒股份有限公司股份比例74.40%,712
000184.KP,中字头概念,中国科传,601858.SH,20250615,公司的最终控制人为国资委，主要业务包括图书出版、期刊业务、出版物进出口和知识服务,2471
000214.KP,版权,中国科传,601858.SH,20250615,公司是目前国内拥有科技图书和期刊内容资源最多的出版单位之一。,2471
000279.KP,并购重组预期概念,中国科传,601858.SH,20250615,实控人中国科学院控股有限公司持有中国科技出版传媒股份有限公司股份比例74.40%,2471
000279.KP,并购重组预期概念,中国科传,601858.SH,20250614,实控人中国科学院控股有限公司持有中国科技出版传媒股份有限公司股份比例74.40%,1807
000184.KP,中字头概念,中国科传,601858.SH,20250614,公司的最终控制人为国资委，主要业务包括图书出版、期刊业务、出版物进出口和知识服务,1807
000214.KP,版权,中国科传,601858.SH,20250614,公司是目前国内拥有科技图书和期刊内容资源最多的出版单位之一。,1807
000214.KP,版权,中国科传,601858.SH,20250613,公司是目前国内拥有科技图书和期刊内容资源最多的出版单位之一。,619
000184.KP,中字头概念,中国科传,601858.SH,20250613,公司的最终控制人为国资委，主要业务包括图书出版、期刊业务、出版物进出口和知识服务,615
000279.KP,并购重组预期概念,中国科传,601858.SH,20250613,实控人中国科学院控股有限公司持有中国科技出版传媒股份有限公司股份比例74.40%,615
000279.KP,并购重组预期概念,中国科传,601858.SH,20250612,实控人中国科学院控股有限公司持有中国科技出版传媒股份有限公司股份比例74.40%,700
000214.KP,版权,中国科传,601858.SH,20250612,公司是目前国内拥有科技图书和期刊内容资源最多的出版单位之一。,700
000184.KP,中字头概念,中国科传,601858.SH,20250612,公司的最终控制人为国资委，主要业务包括图书出版、期刊业务、出版物进出口和知识服务,700
000184.KP,中字头概念,中国科传,601858.SH,20250611,公司的最终控制人为国资委，主要业务包括图书出版、期刊业务、出版物进出口和知识服务,517
000279.KP,并购重组预期概念,中国科传,601858.SH,20250611,实控人中国科学院控股有限公司持有中国科技出版传媒股份有限公司股份比例74.40%,513
000214.KP,版权,中国科传,601858.SH,20250611,公司是目前国内拥有科技图书和期刊内容资源最多的出版单位之一。,473
000279.KP,并购重组预期概念,中国科传,601858.SH,20250610,实控人中国科学院控股有限公司持有中国科技出版传媒股份有限公司股份比例74.40%,1094
000184.KP,中字头概念,中国科传,601858.SH,20250610,公司的最终控制人为国资委，主要业务包括图书出版、期刊业务、出版物进出口和知识服务,1094
000214.KP,版权,中国科传,601858.SH,20250610,公司是目前国内拥有科技图书和期刊内容资源最多的出版单位之一。,1094
000214.KP,版权,中国科传,601858.SH,20250609,公司是目前国内拥有科技图书和期刊内容资源最多的出版单位之一。,1386
000279.KP,并购重组预期概念,中国科传,601858.SH,20250609,实控人中国科学院控股有限公司持有中国科技出版传媒股份有限公司股份比例74.40%,1386
000184.KP,中字头概念,中国科传,601858.SH,20250609,公司的最终控制人为国资委，主要业务包括图书出版、期刊业务、出版物进出口和知识服务,1386
000279.KP,并购重组预期概念,中国科传,601858.SH,20250608,实控人中国科学院控股有限公司持有中国科技出版传媒股份有限公司股份比例74.40%,2663
000184.KP,中字头概念,中国科传,601858.SH,20250608,公司的最终控制人为国资委，主要业务包括图书出版、期刊业务、出版物进出口和知识服务,2663
000214.KP,版权,中国科传,601858.SH,20250608,公司是目前国内拥有科技图书和期刊内容资源最多的出版单位之一。,2663
000214.KP,版权,中国科传,601858.SH,20250607,公司是目前国内拥有科技图书和期刊内容资源最多的出版单位之一。,1964
000184.KP,中字头概念,中国科传,601858.SH,20250607,公司的最终控制人为国资委，主要业务包括图书出版、期刊业务、出版物进出口和知识服务,1964
000279.KP,并购重组预期概念,中国科传,601858.SH,20250607,实控人中国科学院控股有限公司持有中国科技出版传媒股份有限公司股份比例74.40%,1964
000214.KP,版权,中国科传,601858.SH,20250606,公司是目前国内拥有科技图书和期刊内容资源最多的出版单位之一。,1233
000279.KP,并购重组预期概念,中国科传,601858.SH,20250606,实控人中国科学院控股有限公司持有中国科技出版传媒股份有限公司股份比例74.40%,1233
000184.KP,中字头概念,中国科传,601858.SH,20250606,公司的最终控制人为国资委，主要业务包括图书出版、期刊业务、出版物进出口和知识服务,1233
000184.KP,中字头概念,中国科传,601858.SH,20250605,公司的最终控制人为国资委，主要业务包括图书出版、期刊业务、出版物进出口和知识服务,973
000279.KP,并购重组预期概念,中国科传,601858.SH,20250605,实控人中国科学院控股有限公司持有中国科技出版传媒股份有限公司股份比例74.40%,973
000214.KP,版权,中国科传,601858.SH,20250605,公司是目前国内拥有科技图书和期刊内容资源最多的出版单位之一。,973
000184.KP,中字头概念,中国科传,601858.SH,20250604,公司的最终控制人为国资委，主要业务包括图书出版、期刊业务、出版物进出口和知识服务,1078
000279.KP,并购重组预期概念,中国科传,601858.SH,20250604,实控人中国科学院控股有限公司持有中国科技出版传媒股份有限公司股份比例74.40%,1078
000214.KP,版权,中国科传,601858.SH,20250604,公司是目前国内拥有科技图书和期刊内容资源最多的出版单位之一。,1078
000184.KP,中字头概念,中国科传,601858.SH,20250603,公司的最终控制人为国资委，主要业务包括图书出版、期刊业务、出版物进出口和知识服务,995
000214.KP,版权,中国科传,601858.SH,20250603,公司是目前国内拥有科技图书和期刊内容资源最多的出版单位之一。,995
000279.KP,并购重组预期概念,中国科传,601858.SH,20250603,实控人中国科学院控股有限公司持有中国科技出版传媒股份有限公司股份比例74.40%,995
000214.KP,版权,中国科传,601858.SH,20250602,公司是目前国内拥有科技图书和期刊内容资源最多的出版单位之一。,5791
000279.KP,并购重组预期概念,中国科传,601858.SH,20250602,实控人中国科学院控股有限公司持有中国科技出版传媒股份有限公司股份比例74.40%,5791
000184.KP,中字头概念,中国科传,601858.SH,20250602,公司的最终控制人为国资委，主要业务包括图书出版、期刊业务、出版物进出口和知识服务,5791
000184.KP,中字头概念,中国科传,601858.SH,20250601,公司的最终控制人为国资委，主要业务包括图书出版、期刊业务、出版物进出口和知识服务,4903
000214.KP,版权,中国科传,601858.SH,20250601,公司是目前国内拥有科技图书和期刊内容资源最多的出版单位之一。,4903
000279.KP,并购重组预期概念,中国科传,601858.SH,20250601,实控人中国科学院控股有限公司持有中国科技出版传媒股份有限公司股份比例74.40%,4903
000184.KP,中字头概念,中国科传,601858.SH,20250531,公司的最终控制人为国资委，主要业务包括图书出版、期刊业务、出版物进出口和知识服务,3101
000214.KP,版权,中国科传,601858.SH,20250531,公司是目前国内拥有科技图书和期刊内容资源最多的出版单位之一。,3101
000279.KP,并购重组预期概念,中国科传,601858.SH,20250531,实控人中国科学院控股有限公司持有中国科技出版传媒股份有限公司股份比例74.40%,3101
000184.KP,中字头概念,中国科传,601858.SH,20250530,公司的最终控制人为国资委，主要业务包括图书出版、期刊业务、出版物进出口和知识服务,1167
000214.KP,版权,中国科传,601858.SH,20250530,公司是目前国内拥有科技图书和期刊内容资源最多的出版单位之一。,1167
000279.KP,并购重组预期概念,中国科传,601858.SH,20250530,实控人中国科学院控股有限公司持有中国科技出版传媒股份有限公司股份比例74.40%,1167
000279.KP,并购重组预期概念,中国科传,601858.SH,20250529,实控人中国科学院控股有限公司持有中国科技出版传媒股份有限公司股份比例74.40%,1143
000214.KP,版权,中国科传,601858.SH,20250529,公司是目前国内拥有科技图书和期刊内容资源最多的出版单位之一。,1143
000184.KP,中字头概念,中国科传,601858.SH,20250529,公司的最终控制人为国资委，主要业务包括图书出版、期刊业务、出版物进出口和知识服务,1143
000184.KP,中字头概念,中国科传,601858.SH,20250528,公司的最终控制人为国资委，主要业务包括图书出版、期刊业务、出版物进出口和知识服务,2045
000279.KP,并购重组预期概念,中国科传,601858.SH,20250528,实控人中国科学院控股有限公司持有中国科技出版传媒股份有限公司股份比例74.40%,2045
000214.KP,版权,中国科传,601858.SH,20250528,公司是目前国内拥有科技图书和期刊内容资源最多的出版单位之一。,2045
000214.KP,版权,中国科传,601858.SH,20250527,公司是目前国内拥有科技图书和期刊内容资源最多的出版单位之一。,5928
000279.KP,并购重组预期概念,中国科传,601858.SH,20250527,实控人中国科学院控股有限公司持有中国科技出版传媒股份有限公司股份比例74.40%,5928
000184.KP,中字头概念,中国科传,601858.SH,20250527,公司的最终控制人为国资委，主要业务包括图书出版、期刊业务、出版物进出口和知识服务,5928
000214.KP,版权,中国科传,601858.SH,20250526,公司是目前国内拥有科技图书和期刊内容资源最多的出版单位之一。,7897
000184.KP,中字头概念,中国科传,601858.SH,20250526,公司的最终控制人为国资委，主要业务包括图书出版、期刊业务、出版物进出口和知识服务,7897
000279.KP,并购重组预期概念,中国科传,601858.SH,20250526,实控人中国科学院控股有限公司持有中国科技出版传媒股份有限公司股份比例74.40%,7897
000214.KP,版权,中国科传,601858.SH,20250525,公司是目前国内拥有科技图书和期刊内容资源最多的出版单位之一。,1670
000184.KP,中字头概念,中国科传,601858.SH,20250525,公司的最终控制人为国资委，主要业务包括图书出版、期刊业务、出版物进出口和知识服务,1670
000184.KP,中字头概念,中国科传,601858.SH,20250524,公司的最终控制人为国资委，主要业务包括图书出版、期刊业务、出版物进出口和知识服务,1002
000214.KP,版权,中国科传,601858.SH,20250524,公司是目前国内拥有科技图书和期刊内容资源最多的出版单位之一。,1002
000184.KP,中字头概念,中国科传,601858.SH,20250523,公司的最终控制人为国资委，主要业务包括图书出版、期刊业务、出版物进出口和知识服务,429
000214.KP,版权,中国科传,601858.SH,20250523,公司是目前国内拥有科技图书和期刊内容资源最多的出版单位之一。,429
000214.KP,版权,中国科传,601858.SH,20250522,公司是目前国内拥有科技图书和期刊内容资源最多的出版单位之一。,400
000184.KP,中字头概念,中国科传,601858.SH,20250522,公司的最终控制人为国资委，主要业务包括图书出版、期刊业务、出版物进出口和知识服务,400
000184.KP,中字头概念,中国科传,601858.SH,20250521,公司的最终控制人为国资委，主要业务包括图书出版、期刊业务、出版物进出口和知识服务,382
000214.KP,版权,中国科传,601858.SH,20250521,公司是目前国内拥有科技图书和期刊内容资源最多的出版单位之一。,382
000184.KP,中字头概念,中国科传,601858.SH,20250520,公司的最终控制人为国资委，主要业务包括图书出版、期刊业务、出版物进出口和知识服务,392
000214.KP,版权,中国科传,601858.SH,20250520,公司是目前国内拥有科技图书和期刊内容资源最多的出版单位之一。,392
000214.KP,版权,中国科传,601858.SH,20250519,公司是目前国内拥有科技图书和期刊内容资源最多的出版单位之一。,459
000184.KP,中字头概念,中国科传,601858.SH,20250519,公司的最终控制人为国资委，主要业务包括图书出版、期刊业务、出版物进出口和知识服务,459
000214.KP,版权,中国科传,601858.SH,20250518,公司是目前国内拥有科技图书和期刊内容资源最多的出版单位之一。,2193
000184.KP,中字头概念,中国科传,601858.SH,20250518,公司的最终控制人为国资委，主要业务包括图书出版、期刊业务、出版物进出口和知识服务,2193
000214.KP,版权,中国科传,601858.SH,20250516,公司是目前国内拥有科技图书和期刊内容资源最多的出版单位之一。,430
000184.KP,中字头概念,中国科传,601858.SH,20250516,公司的最终控制人为国资委，主要业务包括图书出版、期刊业务、出版物进出口和知识服务,430
000184.KP,中字头概念,中国科传,601858.SH,20250515,公司的最终控制人为国资委，主要业务包括图书出版、期刊业务、出版物进出口和知识服务,480
000214.KP,版权,中国科传,601858.SH,20250515,公司是目前国内拥有科技图书和期刊内容资源最多的出版单位之一。,480
000184.KP,中字头概念,中国科传,601858.SH,20250514,公司的最终控制人为国资委，主要业务包括图书出版、期刊业务、出版物进出口和知识服务,384
000214.KP,版权,中国科传,601858.SH,20250514,公司是目前国内拥有科技图书和期刊内容资源最多的出版单位之一。,384
000214.KP,版权,中国科传,601858.SH,20250513,公司是目前国内拥有科技图书和期刊内容资源最多的出版单位之一。,316
000184.KP,中字头概念,中国科传,601858.SH,20250513,公司的最终控制人为国资委，主要业务包括图书出版、期刊业务、出版物进出口和知识服务,316
000184.KP,中字头概念,中国科传,601858.SH,20250512,公司的最终控制人为国资委，主要业务包括图书出版、期刊业务、出版物进出口和知识服务,435
000214.KP,版权,中国科传,601858.SH,20250512,公司是目前国内拥有科技图书和期刊内容资源最多的出版单位之一。,435
000214.KP,版权,中国科传,601858.SH,20250511,公司是目前国内拥有科技图书和期刊内容资源最多的出版单位之一。,1888
000184.KP,中字头概念,中国科传,601858.SH,20250511,公司的最终控制人为国资委，主要业务包括图书出版、期刊业务、出版物进出口和知识服务,1888
000184.KP,中字头概念,中国科传,601858.SH,20250510,公司的最终控制人为国资委，主要业务包括图书出版、期刊业务、出版物进出口和知识服务,1154
000214.KP,版权,中国科传,601858.SH,20250510,公司是目前国内拥有科技图书和期刊内容资源最多的出版单位之一。,1154
000184.KP,中字头概念,中国科传,601858.SH,20250509,公司的最终控制人为国资委，主要业务包括图书出版、期刊业务、出版物进出口和知识服务,410
000214.KP,版权,中国科传,601858.SH,20250509,公司是目前国内拥有科技图书和期刊内容资源最多的出版单位之一。,410
000184.KP,中字头概念,中国科传,601858.SH,20250508,公司的最终控制人为国资委，主要业务包括图书出版、期刊业务、出版物进出口和知识服务,427
000214.KP,版权,中国科传,601858.SH,20250508,公司是目前国内拥有科技图书和期刊内容资源最多的出版单位之一。,427
000214.KP,版权,中国科传,601858.SH,20250507,公司是目前国内拥有科技图书和期刊内容资源最多的出版单位之一。,380
000184.KP,中字头概念,中国科传,601858.SH,20250507,公司的最终控制人为国资委，主要业务包括图书出版、期刊业务、出版物进出口和知识服务,380
000184.KP,中字头概念,中国科传,601858.SH,20250506,公司的最终控制人为国资委，主要业务包括图书出版、期刊业务、出版物进出口和知识服务,526
000214.KP,版权,中国科传,601858.SH,20250506,公司是目前国内拥有科技图书和期刊内容资源最多的出版单位之一。,526
000214.KP,版权,中国科传,601858.SH,20250430,公司是目前国内拥有科技图书和期刊内容资源最多的出版单位之一。,1244
000184.KP,中字头概念,中国科传,601858.SH,20250430,公司的最终控制人为国资委，主要业务包括图书出版、期刊业务、出版物进出口和知识服务,1244
000184.KP,中字头概念,中国科传,601858.SH,20250429,公司的最终控制人为国资委，主要业务包括图书出版、期刊业务、出版物进出口和知识服务,319
000214.KP,版权,中国科传,601858.SH,20250429,公司是目前国内拥有科技图书和期刊内容资源最多的出版单位之一。,319
000214.KP,版权,中国科传,601858.SH,20250428,公司是目前国内拥有科技图书和期刊内容资源最多的出版单位之一。,514
000184.KP,中字头概念,中国科传,601858.SH,20250428,公司的最终控制人为国资委，主要业务包括图书出版、期刊业务、出版物进出口和知识服务,514
000214.KP,版权,中国科传,601858.SH,20250427,公司是目前国内拥有科技图书和期刊内容资源最多的出版单位之一。,2585
000184.KP,中字头概念,中国科传,601858.SH,20250427,公司的最终控制人为国资委，主要业务包括图书出版、期刊业务、出版物进出口和知识服务,2585
000214.KP,版权,中国科传,601858.SH,20250426,公司是目前国内拥有科技图书和期刊内容资源最多的出版单位之一。,1403
000184.KP,中字头概念,中国科传,601858.SH,20250426,公司的最终控制人为国资委，主要业务包括图书出版、期刊业务、出版物进出口和知识服务,1403
000184.KP,中字头概念,中国科传,601858.SH,20250425,公司的最终控制人为国资委，主要业务包括图书出版、期刊业务、出版物进出口和知识服务,385
000214.KP,版权,中国科传,601858.SH,20250425,公司是目前国内拥有科技图书和期刊内容资源最多的出版单位之一。,385
000214.KP,版权,中国科传,601858.SH,20250424,公司是目前国内拥有科技图书和期刊内容资源最多的出版单位之一。,387
000184.KP,中字头概念,中国科传,601858.SH,20250424,公司的最终控制人为国资委，主要业务包括图书出版、期刊业务、出版物进出口和知识服务,387
000184.KP,中字头概念,中国科传,601858.SH,20250423,公司的最终控制人为国资委，主要业务包括图书出版、期刊业务、出版物进出口和知识服务,437
000214.KP,版权,中国科传,601858.SH,20250423,公司是目前国内拥有科技图书和期刊内容资源最多的出版单位之一。,437
000184.KP,中字头概念,中国科传,601858.SH,20250422,公司的最终控制人为国资委，主要业务包括图书出版、期刊业务、出版物进出口和知识服务,429
000214.KP,版权,中国科传,601858.SH,20250422,公司是目前国内拥有科技图书和期刊内容资源最多的出版单位之一。,429
000214.KP,版权,中国科传,601858.SH,20250421,公司是目前国内拥有科技图书和期刊内容资源最多的出版单位之一。,544
000184.KP,中字头概念,中国科传,601858.SH,20250421,公司的最终控制人为国资委，主要业务包括图书出版、期刊业务、出版物进出口和知识服务,544
000214.KP,版权,中国科传,601858.SH,20250420,公司是目前国内拥有科技图书和期刊内容资源最多的出版单位之一。,2458
000184.KP,中字头概念,中国科传,601858.SH,20250420,公司的最终控制人为国资委，主要业务包括图书出版、期刊业务、出版物进出口和知识服务,2458
000214.KP,版权,中国科传,601858.SH,20250419,公司是目前国内拥有科技图书和期刊内容资源最多的出版单位之一。,1348
000184.KP,中字头概念,中国科传,601858.SH,20250419,公司的最终控制人为国资委，主要业务包括图书出版、期刊业务、出版物进出口和知识服务,1348
000184.KP,中字头概念,中国科传,601858.SH,20250418,公司的最终控制人为国资委，主要业务包括图书出版、期刊业务、出版物进出口和知识服务,419
000214.KP,版权,中国科传,601858.SH,20250418,公司是目前国内拥有科技图书和期刊内容资源最多的出版单位之一。,419
000214.KP,版权,中国科传,601858.SH,20250417,公司是目前国内拥有科技图书和期刊内容资源最多的出版单位之一。,422
000184.KP,中字头概念,中国科传,601858.SH,20250417,公司的最终控制人为国资委，主要业务包括图书出版、期刊业务、出版物进出口和知识服务,422
000184.KP,中字头概念,中国科传,601858.SH,20250416,公司的最终控制人为国资委，主要业务包括图书出版、期刊业务、出版物进出口和知识服务,422
000214.KP,版权,中国科传,601858.SH,20250416,公司是目前国内拥有科技图书和期刊内容资源最多的出版单位之一。,422
000184.KP,中字头概念,中国科传,601858.SH,20250415,公司的最终控制人为国资委，主要业务包括图书出版、期刊业务、出版物进出口和知识服务,406
000214.KP,版权,中国科传,601858.SH,20250415,公司是目前国内拥有科技图书和期刊内容资源最多的出版单位之一。,406
000214.KP,版权,中国科传,601858.SH,20250414,公司是目前国内拥有科技图书和期刊内容资源最多的出版单位之一。,427
000184.KP,中字头概念,中国科传,601858.SH,20250414,公司的最终控制人为国资委，主要业务包括图书出版、期刊业务、出版物进出口和知识服务,427
000214.KP,版权,中国科传,601858.SH,20250413,公司是目前国内拥有科技图书和期刊内容资源最多的出版单位之一。,2194
000184.KP,中字头概念,中国科传,601858.SH,20250413,公司的最终控制人为国资委，主要业务包括图书出版、期刊业务、出版物进出口和知识服务,2194
000184.KP,中字头概念,中国科传,601858.SH,20250412,公司的最终控制人为国资委，主要业务包括图书出版、期刊业务、出版物进出口和知识服务,1274
000214.KP,版权,中国科传,601858.SH,20250412,公司是目前国内拥有科技图书和期刊内容资源最多的出版单位之一。,1274
000184.KP,中字头概念,中国科传,601858.SH,20250411,公司的最终控制人为国资委，主要业务包括图书出版、期刊业务、出版物进出口和知识服务,384
000214.KP,版权,中国科传,601858.SH,20250411,公司是目前国内拥有科技图书和期刊内容资源最多的出版单位之一。,384
000184.KP,中字头概念,中国科传,601858.SH,20250410,公司的最终控制人为国资委，主要业务包括图书出版、期刊业务、出版物进出口和知识服务,458
000214.KP,版权,中国科传,601858.SH,20250410,公司是目前国内拥有科技图书和期刊内容资源最多的出版单位之一。,458
000214.KP,版权,中国科传,601858.SH,20250409,公司是目前国内拥有科技图书和期刊内容资源最多的出版单位之一。,558
000184.KP,中字头概念,中国科传,601858.SH,20250409,公司的最终控制人为国资委，主要业务包括图书出版、期刊业务、出版物进出口和知识服务,558
000214.KP,版权,中国科传,601858.SH,20250408,公司是目前国内拥有科技图书和期刊内容资源最多的出版单位之一。,459
000184.KP,中字头概念,中国科传,601858.SH,20250408,公司的最终控制人为国资委，主要业务包括图书出版、期刊业务、出版物进出口和知识服务,459
000214.KP,版权,中国科传,601858.SH,20250407,公司是目前国内拥有科技图书和期刊内容资源最多的出版单位之一。,488
000184.KP,中字头概念,中国科传,601858.SH,20250407,公司的最终控制人为国资委，主要业务包括图书出版、期刊业务、出版物进出口和知识服务,488
000184.KP,中字头概念,中国科传,601858.SH,20250406,公司的最终控制人为国资委，主要业务包括图书出版、期刊业务、出版物进出口和知识服务,3186
000214.KP,版权,中国科传,601858.SH,20250406,公司是目前国内拥有科技图书和期刊内容资源最多的出版单位之一。,3186
000184.KP,中字头概念,中国科传,601858.SH,20250405,公司的最终控制人为国资委，主要业务包括图书出版、期刊业务、出版物进出口和知识服务,2190
000214.KP,版权,中国科传,601858.SH,20250405,公司是目前国内拥有科技图书和期刊内容资源最多的出版单位之一。,2190
000214.KP,版权,中国科传,601858.SH,20250404,公司是目前国内拥有科技图书和期刊内容资源最多的出版单位之一。,1304
000184.KP,中字头概念,中国科传,601858.SH,20250404,公司的最终控制人为国资委，主要业务包括图书出版、期刊业务、出版物进出口和知识服务,1304
000184.KP,中字头概念,中国科传,601858.SH,20250403,公司的最终控制人为国资委，主要业务包括图书出版、期刊业务、出版物进出口和知识服务,380
000214.KP,版权,中国科传,601858.SH,20250403,公司是目前国内拥有科技图书和期刊内容资源最多的出版单位之一。,380
000214.KP,版权,中国科传,601858.SH,20250402,公司是目前国内拥有科技图书和期刊内容资源最多的出版单位之一。,419
000184.KP,中字头概念,中国科传,601858.SH,20250402,公司的最终控制人为国资委，主要业务包括图书出版、期刊业务、出版物进出口和知识服务,419
000214.KP,版权,中国科传,601858.SH,20250401,公司是目前国内拥有科技图书和期刊内容资源最多的出版单位之一。,401
000184.KP,中字头概念,中国科传,601858.SH,20250401,公司的最终控制人为国资委，主要业务包括图书出版、期刊业务、出版物进出口和知识服务,401
000184.KP,中字头概念,中国科传,601858.SH,20250331,公司的最终控制人为国资委，主要业务包括图书出版、期刊业务、出版物进出口和知识服务,459
000214.KP,版权,中国科传,601858.SH,20250331,公司是目前国内拥有科技图书和期刊内容资源最多的出版单位之一。,459
000184.KP,中字头概念,中国科传,601858.SH,20250330,公司的最终控制人为国资委，主要业务包括图书出版、期刊业务、出版物进出口和知识服务,2942
000214.KP,版权,中国科传,601858.SH,20250330,公司是目前国内拥有科技图书和期刊内容资源最多的出版单位之一。,2942
000214.KP,版权,中国科传,601858.SH,20250329,公司是目前国内拥有科技图书和期刊内容资源最多的出版单位之一。,1710
000184.KP,中字头概念,中国科传,601858.SH,20250329,公司的最终控制人为国资委，主要业务包括图书出版、期刊业务、出版物进出口和知识服务,1710
000214.KP,版权,中国科传,601858.SH,20250328,公司是目前国内拥有科技图书和期刊内容资源最多的出版单位之一。,530
000184.KP,中字头概念,中国科传,601858.SH,20250328,公司的最终控制人为国资委，主要业务包括图书出版、期刊业务、出版物进出口和知识服务,530
000184.KP,中字头概念,中国科传,601858.SH,20250327,公司的最终控制人为国资委，主要业务包括图书出版、期刊业务、出版物进出口和知识服务,397
000214.KP,版权,中国科传,601858.SH,20250327,公司是目前国内拥有科技图书和期刊内容资源最多的出版单位之一。,397
000184.KP,中字头概念,中国科传,601858.SH,20250326,公司的最终控制人为国资委，主要业务包括图书出版、期刊业务、出版物进出口和知识服务,416
000214.KP,版权,中国科传,601858.SH,20250326,公司是目前国内拥有科技图书和期刊内容资源最多的出版单位之一。,416
000184.KP,中字头概念,中国科传,601858.SH,20250325,公司的最终控制人为国资委，主要业务包括图书出版、期刊业务、出版物进出口和知识服务,519
000214.KP,版权,中国科传,601858.SH,20250325,公司是目前国内拥有科技图书和期刊内容资源最多的出版单位之一。,519
000184.KP,中字头概念,中国科传,601858.SH,20250324,公司的最终控制人为国资委，主要业务包括图书出版、期刊业务、出版物进出口和知识服务,546
000214.KP,版权,中国科传,601858.SH,20250324,公司是目前国内拥有科技图书和期刊内容资源最多的出版单位之一。,546
000214.KP,版权,中国科传,601858.SH,20250323,公司是目前国内拥有科技图书和期刊内容资源最多的出版单位之一。,2266
000184.KP,中字头概念,中国科传,601858.SH,20250323,公司的最终控制人为国资委，主要业务包括图书出版、期刊业务、出版物进出口和知识服务,2266
000214.KP,版权,中国科传,601858.SH,20250322,公司是目前国内拥有科技图书和期刊内容资源最多的出版单位之一。,1410
000184.KP,中字头概念,中国科传,601858.SH,20250322,,1410
000214.KP,版权,中国科传,601858.SH,20250321,公司是目前国内拥有科技图书和期刊内容资源最多的出版单位之一。,419
000184.KP,中字头概念,中国科传,601858.SH,20250321,,419
000184.KP,中字头概念,中国科传,601858.SH,20250320,,411
000214.KP,版权,中国科传,601858.SH,20250320,公司是目前国内拥有科技图书和期刊内容资源最多的出版单位之一。,411
000184.KP,中字头概念,中国科传,601858.SH,20250319,,446
000214.KP,版权,中国科传,601858.SH,20250319,公司是目前国内拥有科技图书和期刊内容资源最多的出版单位之一。,446
000214.KP,版权,中国科传,601858.SH,20250318,公司是目前国内拥有科技图书和期刊内容资源最多的出版单位之一。,421
000184.KP,中字头概念,中国科传,601858.SH,20250318,,421
000184.KP,中字头概念,中国科传,601858.SH,20250317,,428
000214.KP,版权,中国科传,601858.SH,20250317,公司是目前国内拥有科技图书和期刊内容资源最多的出版单位之一。,428
000184.KP,中字头概念,中国科传,601858.SH,20250316,,2729
000214.KP,版权,中国科传,601858.SH,20250316,公司是目前国内拥有科技图书和期刊内容资源最多的出版单位之一。,2729
000214.KP,版权,中国科传,601858.SH,20250315,公司是目前国内拥有科技图书和期刊内容资源最多的出版单位之一。,1675
000184.KP,中字头概念,中国科传,601858.SH,20250315,,1675
000214.KP,版权,中国科传,601858.SH,20250314,公司是目前国内拥有科技图书和期刊内容资源最多的出版单位之一。,512
000184.KP,中字头概念,中国科传,601858.SH,20250314,,512
000214.KP,版权,中国科传,601858.SH,20250313,公司是目前国内拥有科技图书和期刊内容资源最多的出版单位之一。,448
000184.KP,中字头概念,中国科传,601858.SH,20250313,,448
000184.KP,中字头概念,中国科传,601858.SH,20250312,,462
000214.KP,版权,中国科传,601858.SH,20250312,公司是目前国内拥有科技图书和期刊内容资源最多的出版单位之一。,462
000184.KP,中字头概念,中国科传,601858.SH,20250311,,450
000214.KP,版权,中国科传,601858.SH,20250311,公司是目前国内拥有科技图书和期刊内容资源最多的出版单位之一。,450
000214.KP,版权,中国科传,601858.SH,20250310,公司是目前国内拥有科技图书和期刊内容资源最多的出版单位之一。,487
000184.KP,中字头概念,中国科传,601858.SH,20250310,,487
000214.KP,版权,中国科传,601858.SH,20250309,公司是目前国内拥有科技图书和期刊内容资源最多的出版单位之一。,2308
000184.KP,中字头概念,中国科传,601858.SH,20250309,,2308
000214.KP,版权,中国科传,601858.SH,20250308,公司是目前国内拥有科技图书和期刊内容资源最多的出版单位之一。,1366
000184.KP,中字头概念,中国科传,601858.SH,20250308,,1366
000184.KP,中字头概念,中国科传,601858.SH,20250307,,435
000214.KP,版权,中国科传,601858.SH,20250307,公司是目前国内拥有科技图书和期刊内容资源最多的出版单位之一。,435
000214.KP,版权,中国科传,601858.SH,20250306,公司是目前国内拥有科技图书和期刊内容资源最多的出版单位之一。,448
000184.KP,中字头概念,中国科传,601858.SH,20250306,,448
000184.KP,中字头概念,中国科传,601858.SH,20250305,,420
000214.KP,版权,中国科传,601858.SH,20250305,公司是目前国内拥有科技图书和期刊内容资源最多的出版单位之一。,420
000184.KP,中字头概念,中国科传,601858.SH,20250304,,435
000214.KP,版权,中国科传,601858.SH,20250304,公司是目前国内拥有科技图书和期刊内容资源最多的出版单位之一。,435
000184.KP,中字头概念,中国科传,601858.SH,20250303,,536
000214.KP,版权,中国科传,601858.SH,20250303,公司是目前国内拥有科技图书和期刊内容资源最多的出版单位之一。,536
000214.KP,版权,中国科传,601858.SH,20250302,公司是目前国内拥有科技图书和期刊内容资源最多的出版单位之一。,2538
000184.KP,中字头概念,中国科传,601858.SH,20250302,,2538
000214.KP,版权,中国科传,601858.SH,20250301,公司是目前国内拥有科技图书和期刊内容资源最多的出版单位之一。,1189
000184.KP,中字头概念,中国科传,601858.SH,20250301,,1189
000184.KP,中字头概念,中国科传,601858.SH,20250228,,1189
000214.KP,版权,中国科传,601858.SH,20250228,公司是目前国内拥有科技图书和期刊内容资源最多的出版单位之一。,1189
000184.KP,中字头概念,中国科传,601858.SH,20250227,,461
000214.KP,版权,中国科传,601858.SH,20250227,公司是目前国内拥有科技图书和期刊内容资源最多的出版单位之一。,461
000214.KP,版权,中国科传,601858.SH,20250226,公司是目前国内拥有科技图书和期刊内容资源最多的出版单位之一。,473
000184.KP,中字头概念,中国科传,601858.SH,20250226,,473
000214.KP,版权,中国科传,601858.SH,20250225,公司是目前国内拥有科技图书和期刊内容资源最多的出版单位之一。,488
000184.KP,中字头概念,中国科传,601858.SH,20250225,,483
000214.KP,版权,中国科传,601858.SH,20250224,公司是目前国内拥有科技图书和期刊内容资源最多的出版单位之一。,585
000184.KP,中字头概念,中国科传,601858.SH,20250224,,577
000214.KP,版权,中国科传,601858.SH,20250223,公司是目前国内拥有科技图书和期刊内容资源最多的出版单位之一。,2983
000184.KP,中字头概念,中国科传,601858.SH,20250223,,2983
000214.KP,版权,中国科传,601858.SH,20250222,公司是目前国内拥有科技图书和期刊内容资源最多的出版单位之一。,1619
000184.KP,中字头概念,中国科传,601858.SH,20250222,,1619
000184.KP,中字头概念,中国科传,601858.SH,20250221,,546
000214.KP,版权,中国科传,601858.SH,20250221,公司是目前国内拥有科技图书和期刊内容资源最多的出版单位之一。,546
000184.KP,中字头概念,中国科传,601858.SH,20250220,,450
000214.KP,版权,中国科传,601858.SH,20250220,公司是目前国内拥有科技图书和期刊内容资源最多的出版单位之一。,454
000214.KP,版权,中国科传,601858.SH,20250219,公司是目前国内拥有科技图书和期刊内容资源最多的出版单位之一。,466
000184.KP,中字头概念,中国科传,601858.SH,20250219,,452
000184.KP,中字头概念,中国科传,601858.SH,20250218,,551
000214.KP,版权,中国科传,601858.SH,20250218,公司是目前国内拥有科技图书和期刊内容资源最多的出版单位之一。,551
000184.KP,中字头概念,中国科传,601858.SH,20250217,,358
000214.KP,版权,中国科传,601858.SH,20250217,公司是目前国内拥有科技图书和期刊内容资源最多的出版单位之一。,358
000214.KP,版权,中国科传,601858.SH,20250216,公司是目前国内拥有科技图书和期刊内容资源最多的出版单位之一。,3674
000184.KP,中字头概念,中国科传,601858.SH,20250216,,3654
000214.KP,版权,中国科传,601858.SH,20250215,公司是目前国内拥有科技图书和期刊内容资源最多的出版单位之一。,2272
000184.KP,中字头概念,中国科传,601858.SH,20250215,,2272
000214.KP,版权,中国科传,601858.SH,20250214,公司是目前国内拥有科技图书和期刊内容资源最多的出版单位之一。,766
000184.KP,中字头概念,中国科传,601858.SH,20250214,,766
000214.KP,版权,中国科传,601858.SH,20250213,公司是目前国内拥有科技图书和期刊内容资源最多的出版单位之一。,487
000184.KP,中字头概念,中国科传,601858.SH,20250213,,487
000214.KP,版权,中国科传,601858.SH,20250212,公司是目前国内拥有科技图书和期刊内容资源最多的出版单位之一。,485
000184.KP,中字头概念,中国科传,601858.SH,20250212,,479
000184.KP,中字头概念,中国科传,601858.SH,20250211,,427
000214.KP,版权,中国科传,601858.SH,20250211,公司是目前国内拥有科技图书和期刊内容资源最多的出版单位之一。,435
000214.KP,版权,中国科传,601858.SH,20250210,公司是目前国内拥有科技图书和期刊内容资源最多的出版单位之一。,471
000184.KP,中字头概念,中国科传,601858.SH,20250210,,467
000184.KP,中字头概念,中国科传,601858.SH,20250209,,2341
000214.KP,版权,中国科传,601858.SH,20250209,公司是目前国内拥有科技图书和期刊内容资源最多的出版单位之一。,2355
000184.KP,中字头概念,中国科传,601858.SH,20250208,,1471
000214.KP,版权,中国科传,601858.SH,20250208,公司是目前国内拥有科技图书和期刊内容资源最多的出版单位之一。,1471
000214.KP,版权,中国科传,601858.SH,20250207,公司是目前国内拥有科技图书和期刊内容资源最多的出版单位之一。,762
000184.KP,中字头概念,中国科传,601858.SH,20250207,,762
000214.KP,版权,中国科传,601858.SH,20250206,公司是目前国内拥有科技图书和期刊内容资源最多的出版单位之一。,476
000184.KP,中字头概念,中国科传,601858.SH,20250206,,476
000184.KP,中字头概念,中国科传,601858.SH,20250205,,741
000214.KP,版权,中国科传,601858.SH,20250205,公司是目前国内拥有科技图书和期刊内容资源最多的出版单位之一。,745
000184.KP,中字头概念,中国科传,601858.SH,20250204,,5325
000214.KP,版权,中国科传,601858.SH,20250204,公司是目前国内拥有科技图书和期刊内容资源最多的出版单位之一。,5327
000184.KP,中字头概念,中国科传,601858.SH,20250203,,4973
000214.KP,版权,中国科传,601858.SH,20250203,公司是目前国内拥有科技图书和期刊内容资源最多的出版单位之一。,4973
000184.KP,中字头概念,中国科传,601858.SH,20250202,,4529
000214.KP,版权,中国科传,601858.SH,20250202,公司是目前国内拥有科技图书和期刊内容资源最多的出版单位之一。,4529
000214.KP,版权,中国科传,601858.SH,20250201,公司是目前国内拥有科技图书和期刊内容资源最多的出版单位之一。,3856
000184.KP,中字头概念,中国科传,601858.SH,20250201,,3856
000184.KP,中字头概念,中国科传,601858.SH,20250131,,3158
000214.KP,版权,中国科传,601858.SH,20250131,公司是目前国内拥有科技图书和期刊内容资源最多的出版单位之一。,3170
000214.KP,版权,中国科传,601858.SH,20250130,公司是目前国内拥有科技图书和期刊内容资源最多的出版单位之一。,2477
000184.KP,中字头概念,中国科传,601858.SH,20250130,,2477
000184.KP,中字头概念,中国科传,601858.SH,20250129,,1633
000214.KP,版权,中国科传,601858.SH,20250129,公司是目前国内拥有科技图书和期刊内容资源最多的出版单位之一。,1633
000214.KP,版权,中国科传,601858.SH,20250128,公司是目前国内拥有科技图书和期刊内容资源最多的出版单位之一。,1007
000184.KP,中字头概念,中国科传,601858.SH,20250128,,1007
000214.KP,版权,中国科传,601858.SH,20250127,公司是目前国内拥有科技图书和期刊内容资源最多的出版单位之一。,464
000184.KP,中字头概念,中国科传,601858.SH,20250127,,464
000184.KP,中字头概念,中国科传,601858.SH,20250126,,2132
000214.KP,版权,中国科传,601858.SH,20250126,公司是目前国内拥有科技图书和期刊内容资源最多的出版单位之一。,2132
000214.KP,版权,中国科传,601858.SH,20250125,公司是目前国内拥有科技图书和期刊内容资源最多的出版单位之一。,1246
000184.KP,中字头概念,中国科传,601858.SH,20250125,,1246
000184.KP,中字头概念,中国科传,601858.SH,20250124,,452
000214.KP,版权,中国科传,601858.SH,20250124,公司是目前国内拥有科技图书和期刊内容资源最多的出版单位之一。,458
000184.KP,中字头概念,中国科传,601858.SH,20250123,,449
000214.KP,版权,中国科传,601858.SH,20250123,公司是目前国内拥有科技图书和期刊内容资源最多的出版单位之一。,459
000184.KP,中字头概念,中国科传,601858.SH,20250122,,522
000214.KP,版权,中国科传,601858.SH,20250122,公司是目前国内拥有科技图书和期刊内容资源最多的出版单位之一。,522
000184.KP,中字头概念,中国科传,601858.SH,20250121,,391
000214.KP,版权,中国科传,601858.SH,20250121,公司是目前国内拥有科技图书和期刊内容资源最多的出版单位之一。,391
000214.KP,版权,中国科传,601858.SH,20250120,公司是目前国内拥有科技图书和期刊内容资源最多的出版单位之一。,397
000184.KP,中字头概念,中国科传,601858.SH,20250120,,397
000214.KP,版权,中国科传,601858.SH,20250119,公司是目前国内拥有科技图书和期刊内容资源最多的出版单位之一。,397
000184.KP,中字头概念,中国科传,601858.SH,20250119,,397
000184.KP,中字头概念,中国科传,601858.SH,20250118,,1337
000214.KP,版权,中国科传,601858.SH,20250118,公司是目前国内拥有科技图书和期刊内容资源最多的出版单位之一。,1337
000184.KP,中字头概念,中国科传,601858.SH,20250117,,419
000214.KP,版权,中国科传,601858.SH,20250117,公司是目前国内拥有科技图书和期刊内容资源最多的出版单位之一。,419
000184.KP,中字头概念,中国科传,601858.SH,20250116,,458
000214.KP,版权,中国科传,601858.SH,20250116,公司是目前国内拥有科技图书和期刊内容资源最多的出版单位之一。,458
000184.KP,中字头概念,中国科传,601858.SH,20250115,,497
000214.KP,版权,中国科传,601858.SH,20250115,公司是目前国内拥有科技图书和期刊内容资源最多的出版单位之一。,497
000184.KP,中字头概念,中国科传,601858.SH,20250114,,398
000214.KP,版权,中国科传,601858.SH,20250114,公司是目前国内拥有科技图书和期刊内容资源最多的出版单位之一。,404
000184.KP,中字头概念,中国科传,601858.SH,20250113,,518
000214.KP,版权,中国科传,601858.SH,20250113,公司是目前国内拥有科技图书和期刊内容资源最多的出版单位之一。,518
000184.KP,中字头概念,中国科传,601858.SH,20250112,,2593
000214.KP,版权,中国科传,601858.SH,20250112,公司是目前国内拥有科技图书和期刊内容资源最多的出版单位之一。,2595
000184.KP,中字头概念,中国科传,601858.SH,20250111,,1447
000214.KP,版权,中国科传,601858.SH,20250111,公司是目前国内拥有科技图书和期刊内容资源最多的出版单位之一。,1447
000184.KP,中字头概念,中国科传,601858.SH,20250110,,444
000214.KP,版权,中国科传,601858.SH,20250110,公司是目前国内拥有科技图书和期刊内容资源最多的出版单位之一。,444
000214.KP,版权,中国科传,601858.SH,20250109,公司是目前国内拥有科技图书和期刊内容资源最多的出版单位之一。,464
000184.KP,中字头概念,中国科传,601858.SH,20250109,,464
000184.KP,中字头概念,中国科传,601858.SH,20250108,,513
000214.KP,版权,中国科传,601858.SH,20250108,公司是目前国内拥有科技图书和期刊内容资源最多的出版单位之一。,513
000214.KP,版权,中国科传,601858.SH,20250107,公司是目前国内拥有科技图书和期刊内容资源最多的出版单位之一。,498
000184.KP,中字头概念,中国科传,601858.SH,20250107,,498
000214.KP,版权,中国科传,601858.SH,20250106,公司是目前国内拥有科技图书和期刊内容资源最多的出版单位之一。,592
000184.KP,中字头概念,中国科传,601858.SH,20250106,,582
000184.KP,中字头概念,中国科传,601858.SH,20250105,,3086
000214.KP,版权,中国科传,601858.SH,20250105,公司是目前国内拥有科技图书和期刊内容资源最多的出版单位之一。,3104
000214.KP,版权,中国科传,601858.SH,20250104,公司是目前国内拥有科技图书和期刊内容资源最多的出版单位之一。,1709
000184.KP,中字头概念,中国科传,601858.SH,20250104,,1699
000184.KP,中字头概念,中国科传,601858.SH,20250103,,451
000214.KP,版权,中国科传,601858.SH,20250103,公司是目前国内拥有科技图书和期刊内容资源最多的出版单位之一。,455
000214.KP,版权,中国科传,601858.SH,20250102,公司是目前国内拥有科技图书和期刊内容资源最多的出版单位之一。,504
000184.KP,中字头概念,中国科传,601858.SH,20250102,,504
000184.KP,中字头概念,中国科传,601858.SH,20250101,,1974
000214.KP,版权,中国科传,601858.SH,20250101,公司是目前国内拥有科技图书和期刊内容资源最多的出版单位之一。,1974
000214.KP,版权,中国科传,601858.SH,20241231,公司是目前国内拥有科技图书和期刊内容资源最多的出版单位之一。,528
000184.KP,中字头概念,中国科传,601858.SH,20241231,,518
000214.KP,版权,中国科传,601858.SH,20241230,公司是目前国内拥有科技图书和期刊内容资源最多的出版单位之一。,575
000184.KP,中字头概念,中国科传,601858.SH,20241230,,567
000214.KP,版权,中国科传,601858.SH,20241229,公司是目前国内拥有科技图书和期刊内容资源最多的出版单位之一。,3287
000184.KP,中字头概念,中国科传,601858.SH,20241229,,3253
000184.KP,中字头概念,中国科传,601858.SH,20241228,,1854
000214.KP,版权,中国科传,601858.SH,20241228,公司是目前国内拥有科技图书和期刊内容资源最多的出版单位之一。,1870
000184.KP,中字头概念,中国科传,601858.SH,20241227,,473
000214.KP,版权,中国科传,601858.SH,20241227,公司是目前国内拥有科技图书和期刊内容资源最多的出版单位之一。,475
000184.KP,中字头概念,中国科传,601858.SH,20241226,,513
000214.KP,版权,中国科传,601858.SH,20241226,公司是目前国内拥有科技图书和期刊内容资源最多的出版单位之一。,519
000184.KP,中字头概念,中国科传,601858.SH,20241225,,501
000214.KP,版权,中国科传,601858.SH,20241225,公司是目前国内拥有科技图书和期刊内容资源最多的出版单位之一。,511
000214.KP,版权,中国科传,601858.SH,20241224,公司是目前国内拥有科技图书和期刊内容资源最多的出版单位之一。,565
000184.KP,中字头概念,中国科传,601858.SH,20241224,,543
000184.KP,中字头概念,中国科传,601858.SH,20241223,,552
000214.KP,版权,中国科传,601858.SH,20241223,公司是目前国内拥有科技图书和期刊内容资源最多的出版单位之一。,552
000184.KP,中字头概念,中国科传,601858.SH,20241222,,3181
000214.KP,版权,中国科传,601858.SH,20241222,公司是目前国内拥有科技图书和期刊内容资源最多的出版单位之一。,3181
000214.KP,版权,中国科传,601858.SH,20241221,公司是目前国内拥有科技图书和期刊内容资源最多的出版单位之一。,1755
000184.KP,中字头概念,中国科传,601858.SH,20241221,,1755
000184.KP,中字头概念,中国科传,601858.SH,20241220,,522
000214.KP,版权,中国科传,601858.SH,20241220,公司是目前国内拥有科技图书和期刊内容资源最多的出版单位之一。,506
000214.KP,版权,中国科传,601858.SH,20241219,公司是目前国内拥有科技图书和期刊内容资源最多的出版单位之一。,650
000184.KP,中字头概念,中国科传,601858.SH,20241219,,650
000184.KP,中字头概念,中国科传,601858.SH,20241218,,777
000214.KP,版权,中国科传,601858.SH,20241218,公司是目前国内拥有科技图书和期刊内容资源最多的出版单位之一。,788
000184.KP,中字头概念,中国科传,601858.SH,20241217,,587
000214.KP,版权,中国科传,601858.SH,20241217,公司是目前国内拥有科技图书和期刊内容资源最多的出版单位之一。,601
000214.KP,版权,中国科传,601858.SH,20241216,公司是目前国内拥有科技图书和期刊内容资源最多的出版单位之一。,800
000184.KP,中字头概念,中国科传,601858.SH,20241216,,806
000184.KP,中字头概念,中国科传,601858.SH,20241215,,3379
000214.KP,版权,中国科传,601858.SH,20241215,公司是目前国内拥有科技图书和期刊内容资源最多的出版单位之一。,3379
000214.KP,版权,中国科传,601858.SH,20241214,公司是目前国内拥有科技图书和期刊内容资源最多的出版单位之一。,1958
000184.KP,中字头概念,中国科传,601858.SH,20241214,,1972
000214.KP,版权,中国科传,601858.SH,20241213,公司是目前国内拥有科技图书和期刊内容资源最多的出版单位之一。,306
000184.KP,中字头概念,中国科传,601858.SH,20241213,,306
000184.KP,中字头概念,中国科传,601858.SH,20241212,,368
000214.KP,版权,中国科传,601858.SH,20241212,公司是目前国内拥有科技图书和期刊内容资源最多的出版单位之一。,368
000214.KP,版权,中国科传,601858.SH,20241211,公司是目前国内拥有科技图书和期刊内容资源最多的出版单位之一。,521
000184.KP,中字头概念,中国科传,601858.SH,20241211,,515
000214.KP,版权,中国科传,601858.SH,20241210,公司是目前国内拥有科技图书和期刊内容资源最多的出版单位之一。,589
000184.KP,中字头概念,中国科传,601858.SH,20241210,,589
000184.KP,中字头概念,中国科传,601858.SH,20241209,,879
000214.KP,版权,中国科传,601858.SH,20241209,公司是目前国内拥有科技图书和期刊内容资源最多的出版单位之一。,879
000214.KP,版权,中国科传,601858.SH,20241208,公司是目前国内拥有科技图书和期刊内容资源最多的出版单位之一。,4610
000184.KP,中字头概念,中国科传,601858.SH,20241208,,4610
000184.KP,中字头概念,中国科传,601858.SH,20241207,,2673
000214.KP,版权,中国科传,601858.SH,20241207,公司是目前国内拥有科技图书和期刊内容资源最多的出版单位之一。,2673
000184.KP,中字头概念,中国科传,601858.SH,20241206,,819
000214.KP,版权,中国科传,601858.SH,20241206,公司是目前国内拥有科技图书和期刊内容资源最多的出版单位之一。,829
000214.KP,版权,中国科传,601858.SH,20241205,公司是目前国内拥有科技图书和期刊内容资源最多的出版单位之一。,546
000184.KP,中字头概念,中国科传,601858.SH,20241205,,540
000184.KP,中字头概念,中国科传,601858.SH,20241204,,483
000214.KP,版权,中国科传,601858.SH,20241204,公司是目前国内拥有科技图书和期刊内容资源最多的出版单位之一。,483
000184.KP,中字头概念,中国科传,601858.SH,20241203,,559
000214.KP,版权,中国科传,601858.SH,20241203,公司是目前国内拥有科技图书和期刊内容资源最多的出版单位之一。,559
000184.KP,中字头概念,中国科传,601858.SH,20241202,,666
000214.KP,版权,中国科传,601858.SH,20241202,公司是目前国内拥有科技图书和期刊内容资源最多的出版单位之一。,662
000214.KP,版权,中国科传,601858.SH,20241201,公司是目前国内拥有科技图书和期刊内容资源最多的出版单位之一。,3694
000184.KP,中字头概念,中国科传,601858.SH,20241201,,3678
000214.KP,版权,中国科传,601858.SH,20241130,公司是目前国内拥有科技图书和期刊内容资源最多的出版单位之一。,2090
000184.KP,中字头概念,中国科传,601858.SH,20241130,,2060
000214.KP,版权,中国科传,601858.SH,20241129,公司是目前国内拥有科技图书和期刊内容资源最多的出版单位之一。,573
000184.KP,中字头概念,中国科传,601858.SH,20241129,,559
000184.KP,中字头概念,中国科传,601858.SH,20241128,,511
000214.KP,版权,中国科传,601858.SH,20241128,公司是目前国内拥有科技图书和期刊内容资源最多的出版单位之一。,511
000214.KP,版权,,601858.SH,20241127,公司是目前国内拥有科技图书和期刊内容资源最多的出版单位之一。,614
000184.KP,中字头概念,中国科传,601858.SH,20241127,,554
000214.KP,版权,中国科传,601858.SH,20241126,公司是目前国内拥有科技图书和期刊内容资源最多的出版单位之一。,733
000184.KP,中字头概念,中国科传,601858.SH,20241126,,733
000214.KP,版权,中国科传,601858.SH,20241125,公司是目前国内拥有科技图书和期刊内容资源最多的出版单位之一。,713
000184.KP,中字头概念,中国科传,601858.SH,20241125,,703
000184.KP,中字头概念,中国科传,601858.SH,20241123,,2302
000214.KP,版权,中国科传,601858.SH,20241123,公司是目前国内拥有科技图书和期刊内容资源最多的出版单位之一。,2306
000214.KP,版权,中国科传,601858.SH,20241122,公司是目前国内拥有科技图书和期刊内容资源最多的出版单位之一。,698
000184.KP,中字头概念,中国科传,601858.SH,20241122,,682
000184.KP,中字头概念,中国科传,601858.SH,20241121,,644
000214.KP,版权,中国科传,601858.SH,20241121,公司是目前国内拥有科技图书和期刊内容资源最多的出版单位之一。,650
000184.KP,中字头概念,中国科传,601858.SH,20241120,,679
000214.KP,版权,中国科传,601858.SH,20241120,公司是目前国内拥有科技图书和期刊内容资源最多的出版单位之一。,685
000214.KP,版权,中国科传,601858.SH,20241119,公司是目前国内拥有科技图书和期刊内容资源最多的出版单位之一。,757
000184.KP,中字头概念,中国科传,601858.SH,20241119,,781
000184.KP,中字头概念,中国科传,601858.SH,20241118,,1304
000214.KP,版权,中国科传,601858.SH,20241118,公司是目前国内拥有科技图书和期刊内容资源最多的出版单位之一。,1304
000214.KP,版权,中国科传,601858.SH,20241117,公司是目前国内拥有科技图书和期刊内容资源最多的出版单位之一。,3069
000184.KP,中字头概念,中国科传,601858.SH,20241117,,3077
000214.KP,版权,中国科传,601858.SH,20241116,公司是目前国内拥有科技图书和期刊内容资源最多的出版单位之一。,2197
000184.KP,中字头概念,中国科传,601858.SH,20241116,,2193
000214.KP,版权,中国科传,601858.SH,20241115,公司是目前国内拥有科技图书和期刊内容资源最多的出版单位之一。,1309
000184.KP,中字头概念,中国科传,601858.SH,20241115,,1300
000216.KP,AI语料,中国科传,601858.SH,20241114,公司主要布局了专业学科知识库、数字教育云服务、医疗健康大数据、期刊融合平台四大方向，已开发上线了多个数字化平台。,1906
000214.KP,版权,中国科传,601858.SH,20241114,公司是目前国内拥有科技图书和期刊内容资源最多的出版单位之一。,1922
000184.KP,中字头概念,中国科传,601858.SH,20241114,,1906
000214.KP,版权,中国科传,601858.SH,20241113,公司是目前国内拥有科技图书和期刊内容资源最多的出版单位之一。,2976
000184.KP,中字头概念,中国科传,601858.SH,20241113,,2948
000216.KP,AI语料,中国科传,601858.SH,20241113,公司主要布局了专业学科知识库、数字教育云服务、医疗健康大数据、期刊融合平台四大方向，已开发上线了多个数字化平台。,2948
000216.KP,AI语料,中国科传,601858.SH,20241112,公司主要布局了专业学科知识库、数字教育云服务、医疗健康大数据、期刊融合平台四大方向，已开发上线了多个数字化平台。,3064
000214.KP,版权,中国科传,601858.SH,20241112,公司是目前国内拥有科技图书和期刊内容资源最多的出版单位之一。,3076
000184.KP,中字头概念,中国科传,601858.SH,20241112,,3064
000216.KP,AI语料,中国科传,601858.SH,20241111,公司主要布局了专业学科知识库、数字教育云服务、医疗健康大数据、期刊融合平台四大方向，已开发上线了多个数字化平台。,2894
000184.KP,中字头概念,中国科传,601858.SH,20241111,,2894
000214.KP,版权,中国科传,601858.SH,20241111,公司是目前国内拥有科技图书和期刊内容资源最多的出版单位之一。,2950
000214.KP,版权,中国科传,601858.SH,20241110,公司是目前国内拥有科技图书和期刊内容资源最多的出版单位之一。,4578
000216.KP,AI语料,中国科传,601858.SH,20241110,公司主要布局了专业学科知识库、数字教育云服务、医疗健康大数据、期刊融合平台四大方向，已开发上线了多个数字化平台。,4578
000184.KP,中字头概念,中国科传,601858.SH,20241110,,4560
000184.KP,中字头概念,中国科传,601858.SH,20241109,,2645
000216.KP,AI语料,中国科传,601858.SH,20241109,公司主要布局了专业学科知识库、数字教育云服务、医疗健康大数据、期刊融合平台四大方向，已开发上线了多个数字化平台。,2661
000214.KP,版权,中国科传,601858.SH,20241109,公司是目前国内拥有科技图书和期刊内容资源最多的出版单位之一。,2661
000184.KP,中字头概念,中国科传,601858.SH,20241108,,873
000214.KP,版权,中国科传,601858.SH,20241108,公司是目前国内拥有科技图书和期刊内容资源最多的出版单位之一。,897
000216.KP,AI语料,中国科传,601858.SH,20241108,公司主要布局了专业学科知识库、数字教育云服务、医疗健康大数据、期刊融合平台四大方向，已开发上线了多个数字化平台。,897
000184.KP,中字头概念,中国科传,601858.SH,20241107,,520
000214.KP,版权,中国科传,601858.SH,20241107,公司是目前国内拥有科技图书和期刊内容资源最多的出版单位之一。,573
000216.KP,AI语料,中国科传,601858.SH,20241107,公司主要布局了专业学科知识库、数字教育云服务、医疗健康大数据、期刊融合平台四大方向，已开发上线了多个数字化平台。,520
000184.KP,中字头概念,中国科传,601858.SH,20241106,,563
000216.KP,AI语料,中国科传,601858.SH,20241106,公司主要布局了专业学科知识库、数字教育云服务、医疗健康大数据、期刊融合平台四大方向，已开发上线了多个数字化平台。,567
000214.KP,版权,中国科传,601858.SH,20241106,公司是目前国内拥有科技图书和期刊内容资源最多的出版单位之一。,567
000214.KP,版权,中国科传,601858.SH,20241105,公司是目前国内拥有科技图书和期刊内容资源最多的出版单位之一。,574
000184.KP,中字头概念,中国科传,601858.SH,20241105,,574
000216.KP,AI语料,中国科传,601858.SH,20241105,公司主要布局了专业学科知识库、数字教育云服务、医疗健康大数据、期刊融合平台四大方向，已开发上线了多个数字化平台。,566
000214.KP,版权,中国科传,601858.SH,20241104,公司是目前国内拥有科技图书和期刊内容资源最多的出版单位之一。,767
000184.KP,中字头概念,中国科传,601858.SH,20241104,,785
000216.KP,AI语料,中国科传,601858.SH,20241104,公司主要布局了专业学科知识库、数字教育云服务、医疗健康大数据、期刊融合平台四大方向，已开发上线了多个数字化平台。,767
000214.KP,版权,中国科传,601858.SH,20241103,公司是目前国内拥有科技图书和期刊内容资源最多的出版单位之一。,4190
000184.KP,中字头概念,中国科传,601858.SH,20241103,,4182
000216.KP,AI语料,中国科传,601858.SH,20241103,公司主要布局了专业学科知识库、数字教育云服务、医疗健康大数据、期刊融合平台四大方向，已开发上线了多个数字化平台。,4190
000214.KP,版权,中国科传,601858.SH,20241102,公司是目前国内拥有科技图书和期刊内容资源最多的出版单位之一。,2427
000184.KP,中字头概念,中国科传,601858.SH,20241102,,2407
000216.KP,AI语料,中国科传,601858.SH,20241102,公司主要布局了专业学科知识库、数字教育云服务、医疗健康大数据、期刊融合平台四大方向，已开发上线了多个数字化平台。,2427
000216.KP,AI语料,中国科传,601858.SH,20241101,公司主要布局了专业学科知识库、数字教育云服务、医疗健康大数据、期刊融合平台四大方向，已开发上线了多个数字化平台。,638
000214.KP,版权,中国科传,601858.SH,20241101,公司是目前国内拥有科技图书和期刊内容资源最多的出版单位之一。,638
000184.KP,中字头概念,中国科传,601858.SH,20241101,,638
000216.KP,AI语料,中国科传,601858.SH,20241031,公司主要布局了专业学科知识库、数字教育云服务、医疗健康大数据、期刊融合平台四大方向，已开发上线了多个数字化平台。,456
000214.KP,版权,中国科传,601858.SH,20241031,公司是目前国内拥有科技图书和期刊内容资源最多的出版单位之一。,456
000184.KP,中字头概念,中国科传,601858.SH,20241031,,456
000184.KP,中字头概念,中国科传,601858.SH,20241030,,484
000214.KP,版权,中国科传,601858.SH,20241030,公司是目前国内拥有科技图书和期刊内容资源最多的出版单位之一。,488
000216.KP,AI语料,中国科传,601858.SH,20241030,公司主要布局了专业学科知识库、数字教育云服务、医疗健康大数据、期刊融合平台四大方向，已开发上线了多个数字化平台。,484
000184.KP,中字头概念,中国科传,601858.SH,20241029,,624
000214.KP,版权,中国科传,601858.SH,20241029,公司是目前国内拥有科技图书和期刊内容资源最多的出版单位之一。,626
000216.KP,AI语料,中国科传,601858.SH,20241029,公司主要布局了专业学科知识库、数字教育云服务、医疗健康大数据、期刊融合平台四大方向，已开发上线了多个数字化平台。,624
000184.KP,中字头概念,中国科传,601858.SH,20241028,,713
000214.KP,版权,中国科传,601858.SH,20241028,公司是目前国内拥有科技图书和期刊内容资源最多的出版单位之一。,715
000216.KP,AI语料,中国科传,601858.SH,20241028,公司主要布局了专业学科知识库、数字教育云服务、医疗健康大数据、期刊融合平台四大方向，已开发上线了多个数字化平台。,713
000216.KP,AI语料,中国科传,601858.SH,20241026,公司主要布局了专业学科知识库、数字教育云服务、医疗健康大数据、期刊融合平台四大方向，已开发上线了多个数字化平台。,2409
000184.KP,中字头概念,中国科传,601858.SH,20241026,,2409
000214.KP,版权,中国科传,601858.SH,20241026,公司是目前国内拥有科技图书和期刊内容资源最多的出版单位之一。,2409
000216.KP,AI语料,中国科传,601858.SH,20241025,公司主要布局了专业学科知识库、数字教育云服务、医疗健康大数据、期刊融合平台四大方向，已开发上线了多个数字化平台。,592
000214.KP,版权,中国科传,601858.SH,20241025,公司是目前国内拥有科技图书和期刊内容资源最多的出版单位之一。,592
000184.KP,中字头概念,中国科传,601858.SH,20241025,,592
000184.KP,中字头概念,中国科传,601858.SH,20241024,,610
000214.KP,版权,中国科传,601858.SH,20241024,公司是目前国内拥有科技图书和期刊内容资源最多的出版单位之一。,610
000216.KP,AI语料,中国科传,601858.SH,20241024,公司主要布局了专业学科知识库、数字教育云服务、医疗健康大数据、期刊融合平台四大方向，已开发上线了多个数字化平台。,610
000214.KP,版权,中国科传,601858.SH,20241023,公司是目前国内拥有科技图书和期刊内容资源最多的出版单位之一。,963
000184.KP,中字头概念,中国科传,601858.SH,20241023,,963
000216.KP,AI语料,中国科传,601858.SH,20241023,公司主要布局了专业学科知识库、数字教育云服务、医疗健康大数据、期刊融合平台四大方向，已开发上线了多个数字化平台。,963
000184.KP,中字头概念,中国科传,601858.SH,20241022,,1807
000214.KP,版权,中国科传,601858.SH,20241022,公司是目前国内拥有科技图书和期刊内容资源最多的出版单位之一。,1807
000216.KP,AI语料,中国科传,601858.SH,20241022,公司主要布局了专业学科知识库、数字教育云服务、医疗健康大数据、期刊融合平台四大方向，已开发上线了多个数字化平台。,1807
000216.KP,AI语料,中国科传,601858.SH,20241021,公司主要布局了专业学科知识库、数字教育云服务、医疗健康大数据、期刊融合平台四大方向，已开发上线了多个数字化平台。,1373
000214.KP,版权,中国科传,601858.SH,20241021,公司是目前国内拥有科技图书和期刊内容资源最多的出版单位之一。,1373
000184.KP,中字头概念,中国科传,601858.SH,20241021,,1373
000214.KP,版权,中国科传,601858.SH,20241020,公司是目前国内拥有科技图书和期刊内容资源最多的出版单位之一。,3092
000184.KP,中字头概念,中国科传,601858.SH,20241020,,3084
000216.KP,AI语料,中国科传,601858.SH,20241020,公司主要布局了专业学科知识库、数字教育云服务、医疗健康大数据、期刊融合平台四大方向，已开发上线了多个数字化平台。,3084
000184.KP,中字头概念,中国科传,601858.SH,20241019,,1668
000216.KP,AI语料,中国科传,601858.SH,20241019,公司主要布局了专业学科知识库、数字教育云服务、医疗健康大数据、期刊融合平台四大方向，已开发上线了多个数字化平台。,1674
000214.KP,版权,中国科传,601858.SH,20241019,公司是目前国内拥有科技图书和期刊内容资源最多的出版单位之一。,1674
000214.KP,版权,中国科传,601858.SH,20241018,公司是目前国内拥有科技图书和期刊内容资源最多的出版单位之一。,503
000184.KP,中字头概念,中国科传,601858.SH,20241018,,499
000216.KP,AI语料,中国科传,601858.SH,20241018,公司主要布局了专业学科知识库、数字教育云服务、医疗健康大数据、期刊融合平台四大方向，已开发上线了多个数字化平台。,503
000184.KP,中字头概念,中国科传,601858.SH,20241017,,563
000216.KP,AI语料,中国科传,601858.SH,20241017,公司主要布局了专业学科知识库、数字教育云服务、医疗健康大数据、期刊融合平台四大方向，已开发上线了多个数字化平台。,565
000214.KP,版权,中国科传,601858.SH,20241017,公司是目前国内拥有科技图书和期刊内容资源最多的出版单位之一。,565
000214.KP,版权,中国科传,601858.SH,20241016,公司是目前国内拥有科技图书和期刊内容资源最多的出版单位之一。,551
000184.KP,中字头概念,中国科传,601858.SH,20241016,,543
000216.KP,AI语料,中国科传,601858.SH,20241016,公司主要布局了专业学科知识库、数字教育云服务、医疗健康大数据、期刊融合平台四大方向，已开发上线了多个数字化平台。,551
000216.KP,AI语料,中国科传,601858.SH,20241015,公司主要布局了专业学科知识库、数字教育云服务、医疗健康大数据、期刊融合平台四大方向，已开发上线了多个数字化平台。,589
000184.KP,中字头概念,中国科传,601858.SH,20241015,,589
000214.KP,版权,中国科传,601858.SH,20241015,公司是目前国内拥有科技图书和期刊内容资源最多的出版单位之一。,589
000214.KP,版权,中国科传,601858.SH,20241014,公司是目前国内拥有科技图书和期刊内容资源最多的出版单位之一。,975
000184.KP,中字头概念,中国科传,601858.SH,20241014,,975
000216.KP,AI语料,中国科传,601858.SH,20241014,公司主要布局了专业学科知识库、数字教育云服务、医疗健康大数据、期刊融合平台四大方向，已开发上线了多个数字化平台。,975
